trade_id,timestamp,exchange,symbol,side,quantity,price_usd,fee_usd
H-00001,2023-04-01T15:08:04Z,Coinbase,DOGE,BUY,16315.52,0.088176,1.44
H-00002,2023-04-01T21:19:18Z,Coinbase,CKB,BUY,485309.66,0.00287818,1.40
H-00003,2023-04-02T18:54:53Z,Binance,DOGE,BUY,4370.74,0.087644,0.38
H-00004,2023-04-03T15:03:19Z,Binance,CKB,SELL,149472.86,0.00247713,0.37
H-00005,2023-04-04T08:21:29Z,Coinbase,SOL,BUY,23.8656,71.777,1.71
H-00006,2023-04-04T23:38:23Z,Binance,ETH,BUY,0.844275,1497.77,1.26
H-00007,2023-04-05T03:45:29Z,Coinbase,BTC,BUY,0.01092398,34504.50,0.38
H-00008,2023-04-05T09:43:01Z,Coinbase,ETH,BUY,1.058826,1443.29,1.53
H-00009,2023-04-06T00:59:38Z,Coinbase,BTC,BUY,0.05751022,38305.84,2.20
H-00010,2023-04-06T12:11:34Z,Coinbase,BTC,SELL,0.01412272,44924.95,0.63
H-00011,2023-04-09T14:43:32Z,Binance,ETH,BUY,0.616355,1578.26,0.97
H-00012,2023-04-10T03:49:18Z,Binance,SOL,BUY,27.0202,75.757,2.05
H-00013,2023-04-11T02:17:28Z,Coinbase,DOGE,SELL,9336.73,0.097241,0.91
H-00014,2023-04-12T04:05:38Z,Binance,SOL,SELL,6.8590,71.035,0.49
H-00015,2023-04-13T03:39:59Z,Coinbase,BTC,BUY,0.01532730,42770.89,0.66
H-00016,2023-04-13T13:54:50Z,Binance,ETH,BUY,1.334850,1382.74,1.85
H-00017,2023-04-15T11:18:19Z,Coinbase,BTC,SELL,0.06963878,35852.32,2.50
H-00018,2023-04-15T14:21:41Z,Coinbase,CKB,SELL,52695.73,0.00255349,0.13
H-00019,2023-04-16T00:30:45Z,Coinbase,BTC,BUY,0.04662069,37417.78,1.74
H-00020,2023-04-16T18:27:39Z,Coinbase,DOGE,SELL,1178.58,0.091328,0.11
H-00021,2023-04-18T20:02:36Z,Coinbase,ETH,SELL,3.854306,1567.81,6.04
H-00022,2023-04-20T01:17:14Z,Coinbase,CKB,BUY,447445.43,0.00233210,1.04
H-00023,2023-04-20T15:42:22Z,Coinbase,BTC,BUY,0.04845724,39081.82,1.89
H-00024,2023-04-22T05:49:15Z,Coinbase,BTC,BUY,0.03353149,44824.55,1.50
H-00025,2023-04-22T14:55:30Z,Coinbase,SOL,SELL,18.0097,66.919,1.21
H-00026,2023-04-22T23:29:21Z,Coinbase,BTC,BUY,0.01004165,39712.45,0.40
H-00027,2023-04-23T22:12:45Z,Binance,DOGE,BUY,28563.12,0.076873,2.20
H-00028,2023-04-24T02:01:59Z,Binance,SOL,BUY,4.0091,82.185,0.33
H-00029,2023-04-24T20:11:59Z,Binance,SOL,BUY,33.1117,72.537,2.40
H-00030,2023-04-25T12:21:41Z,Binance,ETH,BUY,0.581437,1292.53,0.75
H-00031,2023-04-27T18:52:31Z,Coinbase,DOGE,SELL,16034.91,0.079330,1.27
H-00032,2023-05-01T02:39:40Z,Coinbase,DOGE,BUY,12555.25,0.095970,1.20
H-00033,2023-05-01T06:08:44Z,Coinbase,SOL,BUY,4.5200,68.689,0.31
H-00034,2023-05-01T08:12:14Z,Coinbase,SOL,SELL,8.0380,78.838,0.63
H-00035,2023-05-02T15:49:19Z,Coinbase,SOL,BUY,32.4876,67.133,2.18
H-00036,2023-05-03T05:26:47Z,Binance,CKB,BUY,885103.63,0.00270301,2.39
H-00037,2023-05-03T16:12:50Z,Binance,CKB,SELL,566596.11,0.00296544,1.68
H-00038,2023-05-04T04:15:49Z,Binance,CKB,SELL,369569.07,0.00232901,0.86
H-00039,2023-05-05T01:58:02Z,Binance,BTC,BUY,0.03089026,38158.69,1.18
H-00040,2023-05-07T18:16:26Z,Coinbase,SOL,BUY,10.9264,74.572,0.81
H-00041,2023-05-08T22:38:40Z,Coinbase,DOGE,SELL,13360.77,0.078049,1.04
H-00042,2023-05-09T12:06:09Z,Binance,SOL,BUY,29.8937,71.961,2.15
H-00043,2023-05-09T20:28:06Z,Coinbase,SOL,BUY,25.1314,68.022,1.71
H-00044,2023-05-09T20:59:11Z,Coinbase,CKB,SELL,286587.36,0.00237070,0.68
H-00045,2023-05-10T21:21:39Z,Binance,ETH,BUY,1.327118,1580.91,2.10
H-00046,2023-05-11T01:09:13Z,Coinbase,CKB,SELL,106433.50,0.00267944,0.29
H-00047,2023-05-11T04:18:47Z,Binance,ETH,SELL,0.287372,1381.39,0.40
H-00048,2023-05-12T05:19:57Z,Binance,SOL,BUY,18.4397,86.898,1.60
H-00049,2023-05-12T21:22:55Z,Binance,ETH,BUY,1.303217,1364.46,1.78
H-00050,2023-05-13T02:26:15Z,Coinbase,CKB,BUY,434733.45,0.00231430,1.01
H-00051,2023-05-13T21:01:21Z,Binance,DOGE,BUY,22459.01,0.085002,1.91
H-00052,2023-05-15T14:00:48Z,Binance,SOL,BUY,22.2804,89.463,1.99
H-00053,2023-05-15T20:19:50Z,Coinbase,SOL,BUY,18.0160,82.731,1.49
H-00054,2023-05-15T23:13:54Z,Coinbase,CKB,SELL,290176.74,0.00269588,0.78
H-00055,2023-05-16T02:07:25Z,Binance,BTC,BUY,0.05033354,43791.37,2.20
H-00056,2023-05-17T06:55:15Z,Coinbase,DOGE,BUY,8119.41,0.100980,0.82
H-00057,2023-05-19T04:52:55Z,Binance,CKB,BUY,163436.81,0.00303646,0.50
H-00058,2023-05-19T09:22:48Z,Coinbase,CKB,BUY,773570.72,0.00302055,2.34
H-00059,2023-05-19T19:09:35Z,Binance,DOGE,SELL,13608.23,0.088248,1.20
H-00060,2023-05-20T08:56:39Z,Binance,SOL,SELL,97.1320,86.005,8.35
H-00061,2023-05-20T20:47:01Z,Coinbase,CKB,SELL,707950.12,0.00267249,1.89
H-00062,2023-05-21T16:54:07Z,Coinbase,BTC,SELL,0.09223220,45895.63,4.23
H-00063,2023-05-21T19:45:05Z,Binance,BTC,BUY,0.06081504,37442.96,2.28
H-00064,2023-05-22T19:55:11Z,Coinbase,DOGE,SELL,38863.83,0.094227,3.66
H-00065,2023-05-26T18:24:55Z,Coinbase,ETH,BUY,0.374768,1574.81,0.59
H-00066,2023-05-26T23:13:34Z,Binance,BTC,BUY,0.02942804,48545.29,1.43
H-00067,2023-05-28T00:10:05Z,Coinbase,CKB,SELL,312670.47,0.00305208,0.95
H-00068,2023-05-28T12:11:28Z,Coinbase,BTC,BUY,0.04584702,40840.42,1.87
H-00069,2023-05-28T19:22:07Z,Binance,ETH,BUY,1.073089,1335.52,1.43
H-00070,2023-05-30T10:19:54Z,Coinbase,CKB,SELL,347447.74,0.00315236,1.10
H-00071,2023-05-31T03:45:28Z,Coinbase,BTC,SELL,0.26373277,40345.01,10.64
H-00072,2023-06-01T05:46:48Z,Coinbase,DOGE,BUY,22793.21,0.090650,2.07
H-00073,2023-06-01T17:40:35Z,Coinbase,SOL,SELL,14.8265,69.415,1.03
H-00074,2023-06-01T22:07:03Z,Coinbase,SOL,BUY,14.1817,71.560,1.01
H-00075,2023-06-01T23:23:19Z,Coinbase,CKB,BUY,223773.26,0.00263222,0.59
H-00076,2023-06-02T11:56:43Z,Coinbase,SOL,BUY,15.0595,90.992,1.37
H-00077,2023-06-02T12:55:55Z,Binance,BTC,BUY,0.05887193,42269.39,2.49
H-00078,2023-06-03T19:10:05Z,Coinbase,DOGE,SELL,7361.25,0.088065,0.65
H-00079,2023-06-04T23:29:34Z,Coinbase,ETH,SELL,1.207966,1653.19,2.00
H-00080,2023-06-07T08:45:56Z,Binance,SOL,SELL,40.6397,84.723,3.44
H-00081,2023-06-07T11:56:59Z,Binance,BTC,BUY,0.04062797,38835.22,1.58
H-00082,2023-06-07T19:17:21Z,Binance,ETH,SELL,1.213893,1366.95,1.66
H-00083,2023-06-08T11:40:25Z,Binance,CKB,BUY,323145.23,0.00316957,1.02
H-00084,2023-06-08T22:50:59Z,Binance,DOGE,SELL,1743.14,0.090838,0.16
H-00085,2023-06-10T10:39:05Z,Binance,CKB,SELL,247217.50,0.00281667,0.70
H-00086,2023-06-10T16:56:53Z,Binance,DOGE,BUY,25953.38,0.088764,2.30
H-00087,2023-06-11T04:27:24Z,Coinbase,ETH,BUY,0.694282,1746.12,1.21
H-00088,2023-06-11T10:40:03Z,Coinbase,BTC,BUY,0.05067013,47834.27,2.42
H-00089,2023-06-11T18:58:20Z,Binance,BTC,SELL,0.06829461,44437.63,3.03
H-00090,2023-06-13T04:37:32Z,Coinbase,SOL,SELL,93.4381,82.258,7.69
H-00091,2023-06-16T04:30:07Z,Binance,BTC,BUY,0.03539529,42233.07,1.49
H-00092,2023-06-17T21:26:30Z,Coinbase,DOGE,SELL,13451.89,0.106955,1.44
H-00093,2023-06-18T00:16:37Z,Binance,CKB,BUY,103999.67,0.00310880,0.32
H-00094,2023-06-18T02:44:49Z,Binance,CKB,SELL,151650.85,0.00280529,0.43
H-00095,2023-06-18T13:42:12Z,Binance,ETH,SELL,2.644680,1564.37,4.14
H-00096,2023-06-18T14:04:10Z,Binance,SOL,BUY,12.2095,74.389,0.91
H-00097,2023-06-18T21:55:12Z,Binance,SOL,SELL,12.2095,93.860,1.15
H-00098,2023-06-19T19:27:46Z,Binance,DOGE,BUY,18053.29,0.089668,1.62
H-00099,2023-06-20T04:13:35Z,Binance,DOGE,BUY,15361.72,0.100298,1.54
H-00100,2023-06-20T21:53:31Z,Binance,DOGE,BUY,15305.97,0.102710,1.57
H-00101,2023-06-21T09:34:37Z,Coinbase,BTC,BUY,0.06125791,38837.19,2.38
H-00102,2023-06-23T06:41:28Z,Binance,ETH,BUY,0.650079,1736.68,1.13
H-00103,2023-06-24T03:38:53Z,Coinbase,CKB,BUY,448409.26,0.00319375,1.43
H-00104,2023-06-24T04:52:29Z,Coinbase,CKB,BUY,775099.72,0.00264130,2.05
H-00105,2023-06-24T16:52:38Z,Coinbase,BTC,BUY,0.01105738,47162.10,0.52
H-00106,2023-06-26T21:31:04Z,Coinbase,ETH,BUY,0.316831,1539.06,0.49
H-00107,2023-06-27T04:16:35Z,Coinbase,SOL,BUY,4.7774,95.722,0.46
H-00108,2023-06-28T08:37:27Z,Coinbase,DOGE,BUY,9071.25,0.099206,0.90
H-00109,2023-06-28T19:16:33Z,Binance,CKB,SELL,601568.68,0.00266197,1.60
H-00110,2023-06-29T23:36:24Z,Binance,ETH,BUY,1.319507,1776.66,2.34
H-00111,2023-06-30T20:24:54Z,Coinbase,ETH,BUY,0.836591,1625.17,1.36
H-00112,2023-07-01T02:05:10Z,Binance,CKB,BUY,957662.60,0.00247613,2.37
H-00113,2023-07-01T10:58:23Z,Coinbase,ETH,SELL,1.628414,1668.16,2.72
H-00114,2023-07-02T15:28:02Z,Coinbase,SOL,BUY,25.0741,85.381,2.14
H-00115,2023-07-03T13:32:54Z,Binance,SOL,BUY,11.0668,91.260,1.01
H-00116,2023-07-04T01:28:15Z,Coinbase,SOL,BUY,3.7544,85.979,0.32
H-00117,2023-07-04T03:48:15Z,Coinbase,DOGE,BUY,4144.71,0.103555,0.43
H-00118,2023-07-04T11:44:07Z,Binance,SOL,BUY,10.2726,92.172,0.95
H-00119,2023-07-04T16:39:46Z,Coinbase,ETH,SELL,1.494594,1685.47,2.52
H-00120,2023-07-06T17:26:02Z,Binance,CKB,BUY,170634.02,0.00293031,0.50
H-00121,2023-07-08T04:54:07Z,Coinbase,SOL,SELL,28.6430,96.159,2.75
H-00122,2023-07-08T16:29:04Z,Coinbase,DOGE,BUY,12897.10,0.108629,1.40
H-00123,2023-07-08T17:36:55Z,Coinbase,CKB,BUY,317514.77,0.00319872,1.02
H-00124,2023-07-09T11:03:30Z,Binance,DOGE,BUY,24248.33,0.093289,2.26
H-00125,2023-07-09T18:37:30Z,Binance,DOGE,BUY,24647.39,0.098291,2.42
H-00126,2023-07-11T12:10:47Z,Coinbase,BTC,BUY,0.01174308,46895.99,0.55
H-00127,2023-07-12T00:48:40Z,Binance,ETH,BUY,0.396834,1812.25,0.72
H-00128,2023-07-12T19:41:24Z,Coinbase,ETH,SELL,0.121109,1415.84,0.17
H-00129,2023-07-14T16:51:58Z,Coinbase,BTC,BUY,0.02805213,48798.63,1.37
H-00130,2023-07-15T13:45:52Z,Coinbase,DOGE,BUY,24932.28,0.096189,2.40
H-00131,2023-07-16T06:54:37Z,Coinbase,DOGE,BUY,20543.20,0.095612,1.96
H-00132,2023-07-16T10:39:37Z,Coinbase,DOGE,SELL,111520.60,0.099530,11.10
H-00133,2023-07-16T13:58:18Z,Coinbase,SOL,BUY,19.3719,91.476,1.77
H-00134,2023-07-16T14:16:41Z,Coinbase,SOL,BUY,26.7373,87.744,2.35
H-00135,2023-07-16T20:43:33Z,Coinbase,BTC,BUY,0.03027326,47120.75,1.43
H-00136,2023-07-17T02:53:36Z,Coinbase,SOL,SELL,33.0972,98.007,3.24
H-00137,2023-07-17T12:25:46Z,Coinbase,CKB,SELL,546467.20,0.00309772,1.69
H-00138,2023-07-17T20:11:35Z,Binance,ETH,SELL,0.275725,1471.26,0.41
H-00139,2023-07-18T01:12:14Z,Coinbase,ETH,BUY,0.776855,1443.33,1.12
H-00140,2023-07-18T10:42:30Z,Binance,BTC,BUY,0.00970929,48721.14,0.47
H-00141,2023-07-18T16:48:45Z,Binance,CKB,BUY,715919.26,0.00310024,2.22
H-00142,2023-07-20T01:45:12Z,Binance,SOL,BUY,20.3487,81.964,1.67
H-00143,2023-07-20T06:48:50Z,Binance,DOGE,BUY,20392.88,0.092479,1.89
H-00144,2023-07-20T13:46:25Z,Binance,ETH,BUY,1.298054,1631.96,2.12
H-00145,2023-07-20T22:04:42Z,Coinbase,CKB,BUY,181957.63,0.00323060,0.59
H-00146,2023-07-20T22:21:06Z,Coinbase,BTC,SELL,0.06526167,39546.78,2.58
H-00147,2023-07-22T16:36:12Z,Binance,ETH,SELL,2.074909,1855.00,3.85
H-00148,2023-07-23T03:13:59Z,Binance,CKB,SELL,661157.17,0.00311582,2.06
H-00149,2023-07-23T19:21:27Z,Coinbase,ETH,BUY,0.950569,1736.86,1.65
H-00150,2023-07-24T03:55:56Z,Binance,CKB,BUY,117898.21,0.00300118,0.35
H-00151,2023-07-24T17:46:16Z,Coinbase,ETH,SELL,0.307383,1671.76,0.51
H-00152,2023-07-25T01:59:00Z,Binance,SOL,SELL,26.6326,82.049,2.19
H-00153,2023-07-26T05:47:57Z,Coinbase,BTC,BUY,0.01136088,46240.66,0.53
H-00154,2023-07-26T14:37:16Z,Coinbase,BTC,SELL,0.12468417,48695.52,6.07
H-00155,2023-07-26T21:17:39Z,Binance,ETH,SELL,0.357868,1665.48,0.60
H-00156,2023-07-26T23:21:49Z,Coinbase,ETH,BUY,0.870957,1779.84,1.55
H-00157,2023-07-27T02:33:08Z,Binance,DOGE,BUY,3095.66,0.107745,0.33
H-00158,2023-07-28T01:21:14Z,Binance,DOGE,BUY,5484.79,0.113964,0.63
H-00159,2023-07-30T08:47:19Z,Coinbase,SOL,BUY,12.2215,97.232,1.19
H-00160,2023-08-01T08:16:32Z,Coinbase,BTC,SELL,0.09077880,52769.97,4.79
H-00161,2023-08-01T09:53:03Z,Coinbase,CKB,BUY,474982.28,0.00308048,1.46
H-00162,2023-08-01T16:09:12Z,Binance,BTC,BUY,0.04528606,45679.95,2.07
H-00163,2023-08-02T22:51:37Z,Binance,DOGE,BUY,12816.75,0.089390,1.15
H-00164,2023-08-03T10:46:18Z,Coinbase,BTC,SELL,0.00759513,54163.28,0.41
H-00165,2023-08-03T18:22:19Z,Coinbase,SOL,BUY,10.3327,101.506,1.05
H-00166,2023-08-03T23:05:22Z,Binance,CKB,BUY,911125.26,0.00265138,2.42
H-00167,2023-08-04T04:09:10Z,Binance,SOL,SELL,55.5846,78.358,4.36
H-00168,2023-08-04T12:05:14Z,Coinbase,BTC,BUY,0.04804965,50977.54,2.45
H-00169,2023-08-05T02:53:17Z,Binance,DOGE,BUY,6959.04,0.099110,0.69
H-00170,2023-08-06T05:41:08Z,Binance,SOL,BUY,27.4320,80.444,2.21
H-00171,2023-08-06T08:33:46Z,Binance,BTC,BUY,0.02188635,51868.64,1.14
H-00172,2023-08-09T09:47:17Z,Binance,ETH,SELL,0.522224,1568.90,0.82
H-00173,2023-08-10T17:24:24Z,Binance,ETH,SELL,0.337230,1848.16,0.62
H-00174,2023-08-11T07:46:27Z,Coinbase,ETH,BUY,0.480410,1727.21,0.83
H-00175,2023-08-11T23:52:57Z,Binance,DOGE,SELL,22762.30,0.106872,2.43
H-00176,2023-08-12T01:23:31Z,Binance,CKB,BUY,101676.56,0.00288415,0.29
H-00177,2023-08-13T15:01:37Z,Coinbase,CKB,SELL,1050650.96,0.00312593,3.28
H-00178,2023-08-14T01:18:52Z,Binance,CKB,SELL,565560.53,0.00299157,1.69
H-00179,2023-08-15T19:06:25Z,Binance,SOL,BUY,4.9135,99.567,0.49
H-00180,2023-08-19T00:24:56Z,Coinbase,DOGE,BUY,11057.28,0.102086,1.13
H-00181,2023-08-19T06:44:06Z,Binance,ETH,SELL,0.221930,1616.02,0.36
H-00182,2023-08-19T09:35:08Z,Binance,BTC,BUY,0.03854025,44969.33,1.73
H-00183,2023-08-20T05:20:54Z,Binance,ETH,BUY,0.803117,1906.10,1.53
H-00184,2023-08-20T17:45:48Z,Binance,CKB,SELL,411709.93,0.00283350,1.17
H-00185,2023-08-20T20:54:47Z,Binance,BTC,BUY,0.03696739,52010.09,1.92
H-00186,2023-08-21T09:49:58Z,Coinbase,CKB,BUY,414192.19,0.00349448,1.45
H-00187,2023-08-22T09:08:10Z,Binance,CKB,SELL,697977.05,0.00314302,2.19
H-00188,2023-08-23T01:48:56Z,Binance,CKB,SELL,160210.16,0.00335902,0.54
H-00189,2023-08-23T13:16:49Z,Coinbase,ETH,BUY,0.966977,1499.81,1.45
H-00190,2023-08-23T19:05:27Z,Coinbase,SOL,SELL,11.3096,81.432,0.92
H-00191,2023-08-23T21:05:17Z,Coinbase,SOL,BUY,13.2332,98.106,1.30
H-00192,2023-08-24T01:43:37Z,Binance,CKB,SELL,393654.95,0.00280838,1.11
H-00193,2023-08-24T13:12:42Z,Binance,DOGE,BUY,23550.88,0.090856,2.14
H-00194,2023-08-25T12:43:14Z,Coinbase,BTC,SELL,0.01915052,47451.48,0.91
H-00195,2023-08-29T05:50:52Z,Coinbase,SOL,BUY,20.7353,79.510,1.65
H-00196,2023-08-29T13:50:33Z,Binance,CKB,BUY,521543.65,0.00268568,1.40
H-00197,2023-08-29T22:32:01Z,Coinbase,DOGE,SELL,64856.82,0.113495,7.36
H-00198,2023-08-29T23:34:49Z,Coinbase,ETH,SELL,0.844649,1561.16,1.32
H-00199,2023-08-31T02:18:07Z,Coinbase,SOL,BUY,3.3589,99.941,0.34
H-00200,2023-08-31T21:17:03Z,Binance,DOGE,SELL,11170.39,0.098464,1.10
H-00201,2023-08-31T22:13:32Z,Binance,BTC,BUY,0.02169947,47759.16,1.04
H-00202,2023-09-01T19:47:38Z,Coinbase,ETH,BUY,1.374687,1554.19,2.14
H-00203,2023-09-02T03:41:44Z,Binance,DOGE,BUY,19960.41,0.122168,2.44
H-00204,2023-09-02T08:12:31Z,Coinbase,ETH,BUY,1.348626,1623.93,2.19
H-00205,2023-09-02T21:31:17Z,Binance,SOL,BUY,4.0780,79.626,0.32
H-00206,2023-09-03T07:34:16Z,Binance,ETH,BUY,0.442493,2009.16,0.89
H-00207,2023-09-03T21:51:48Z,Coinbase,CKB,BUY,238883.97,0.00357203,0.85
H-00208,2023-09-04T03:10:53Z,Coinbase,DOGE,SELL,40849.48,0.101740,4.16
H-00209,2023-09-04T03:53:05Z,Coinbase,BTC,SELL,0.07556068,43411.65,3.28
H-00210,2023-09-04T21:36:22Z,Coinbase,SOL,BUY,9.9825,79.371,0.79
H-00211,2023-09-06T07:09:21Z,Coinbase,ETH,BUY,1.381103,1710.00,2.36
H-00212,2023-09-06T18:40:31Z,Coinbase,BTC,SELL,0.11012284,53588.94,5.90
H-00213,2023-09-07T05:17:49Z,Binance,ETH,SELL,1.689854,1725.10,2.92
H-00214,2023-09-07T08:44:40Z,Coinbase,BTC,BUY,0.02127645,56171.45,1.20
H-00215,2023-09-07T16:25:26Z,Coinbase,BTC,BUY,0.01337647,44135.02,0.59
H-00216,2023-09-08T21:59:04Z,Coinbase,BTC,SELL,0.00908652,42623.97,0.39
H-00217,2023-09-10T11:45:58Z,Binance,BTC,SELL,0.01412809,46680.46,0.66
H-00218,2023-09-11T22:46:27Z,Binance,DOGE,SELL,11137.23,0.108959,1.21
H-00219,2023-09-13T07:16:58Z,Binance,BTC,SELL,0.00320916,44986.49,0.14
H-00220,2023-09-13T13:51:44Z,Coinbase,CKB,SELL,867702.09,0.00329612,2.86
H-00221,2023-09-13T16:19:19Z,Coinbase,DOGE,BUY,20802.26,0.104612,2.18
H-00222,2023-09-14T06:35:25Z,Binance,DOGE,BUY,9338.96,0.096752,0.90
H-00223,2023-09-15T17:06:31Z,Coinbase,CKB,BUY,796096.64,0.00303575,2.42
H-00224,2023-09-15T22:05:49Z,Coinbase,CKB,SELL,709324.62,0.00366713,2.60
H-00225,2023-09-15T22:12:48Z,Binance,BTC,BUY,0.01093608,56650.09,0.62
H-00226,2023-09-16T07:26:07Z,Binance,DOGE,BUY,19893.54,0.093445,1.86
H-00227,2023-09-16T09:32:23Z,Coinbase,CKB,SELL,363023.73,0.00350526,1.27
H-00228,2023-09-17T09:49:41Z,Coinbase,ETH,BUY,0.381009,1886.44,0.72
H-00229,2023-09-17T17:50:41Z,Coinbase,CKB,BUY,881403.92,0.00281159,2.48
H-00230,2023-09-18T08:00:57Z,Binance,DOGE,BUY,21140.33,0.109408,2.31
H-00231,2023-09-18T18:21:04Z,Binance,SOL,BUY,20.6255,99.823,2.06
H-00232,2023-09-20T22:43:23Z,Coinbase,BTC,SELL,0.00234100,54555.56,0.13
H-00233,2023-09-21T06:57:59Z,Binance,SOL,SELL,33.0640,107.637,3.56
H-00234,2023-09-21T18:43:51Z,Binance,CKB,BUY,397065.95,0.00311837,1.24
H-00235,2023-09-21T18:57:38Z,Binance,SOL,SELL,8.5735,108.615,0.93
H-00236,2023-09-24T06:08:13Z,Coinbase,SOL,SELL,17.3814,89.459,1.55
H-00237,2023-09-24T13:09:11Z,Binance,CKB,BUY,278177.32,0.00307581,0.86
H-00238,2023-09-25T05:28:36Z,Binance,BTC,BUY,0.02982548,56083.90,1.67
H-00239,2023-09-25T16:44:51Z,Coinbase,ETH,SELL,1.562054,1842.50,2.88
H-00240,2023-09-25T22:05:41Z,Coinbase,ETH,SELL,1.709537,1661.67,2.84
H-00241,2023-09-25T22:47:54Z,Binance,DOGE,SELL,48618.44,0.107956,5.25
H-00242,2023-09-26T07:10:14Z,Coinbase,DOGE,SELL,19388.88,0.097154,1.88
H-00243,2023-09-26T21:50:16Z,Coinbase,CKB,BUY,502149.21,0.00328967,1.65
H-00244,2023-09-27T04:15:07Z,Binance,DOGE,BUY,10003.83,0.097679,0.98
H-00245,2023-09-27T07:29:33Z,Coinbase,SOL,BUY,14.3442,107.144,1.54
H-00246,2023-09-27T15:35:14Z,Coinbase,BTC,SELL,0.04664971,46932.30,2.19
H-00247,2023-09-28T01:52:13Z,Coinbase,CKB,BUY,446396.57,0.00336202,1.50
H-00248,2023-09-28T09:17:07Z,Binance,DOGE,BUY,14235.47,0.117057,1.67
H-00249,2023-09-29T05:59:39Z,Binance,CKB,BUY,192381.39,0.00306517,0.59
H-00250,2023-09-30T11:27:19Z,Coinbase,SOL,SELL,18.4206,108.536,2.00
H-00251,2023-10-02T00:11:39Z,Coinbase,CKB,BUY,325065.28,0.00346617,1.13
H-00252,2023-10-03T17:19:25Z,Coinbase,ETH,BUY,0.137283,1620.91,0.22
H-00253,2023-10-04T05:41:48Z,Binance,BTC,BUY,0.02951087,47893.54,1.41
H-00254,2023-10-05T10:22:38Z,Binance,CKB,BUY,584321.17,0.00336371,1.97
H-00255,2023-10-05T23:21:48Z,Coinbase,DOGE,BUY,19955.42,0.098796,1.97
H-00256,2023-10-06T01:15:35Z,Binance,DOGE,BUY,2021.86,0.122553,0.25
H-00257,2023-10-06T12:34:35Z,Coinbase,CKB,BUY,722034.73,0.00290937,2.10
H-00258,2023-10-06T15:05:33Z,Coinbase,BTC,BUY,0.01909882,50744.28,0.97
H-00259,2023-10-07T18:26:39Z,Coinbase,BTC,BUY,0.01265274,55863.24,0.71
H-00260,2023-10-09T23:43:19Z,Binance,DOGE,SELL,17458.00,0.116778,2.04
H-00261,2023-10-11T04:14:25Z,Coinbase,DOGE,BUY,7544.07,0.107442,0.81
H-00262,2023-10-11T14:22:06Z,Binance,SOL,BUY,8.5683,90.830,0.78
H-00263,2023-10-11T21:51:23Z,Coinbase,ETH,BUY,0.936192,2132.44,2.00
H-00264,2023-10-13T08:41:30Z,Coinbase,ETH,SELL,0.564074,1989.31,1.12
H-00265,2023-10-13T14:46:57Z,Coinbase,CKB,BUY,549842.61,0.00297566,1.64
H-00266,2023-10-14T00:45:48Z,Coinbase,CKB,BUY,693101.57,0.00291055,2.02
H-00267,2023-10-14T01:51:32Z,Coinbase,DOGE,BUY,14688.99,0.121353,1.78
H-00268,2023-10-14T02:48:07Z,Binance,CKB,BUY,49263.71,0.00316281,0.16
H-00269,2023-10-14T04:02:26Z,Coinbase,CKB,BUY,515336.26,0.00347080,1.79
H-00270,2023-10-14T15:21:17Z,Coinbase,ETH,BUY,0.974568,2142.89,2.09
H-00271,2023-10-14T21:54:03Z,Coinbase,SOL,BUY,16.2816,92.629,1.51
H-00272,2023-10-15T17:37:59Z,Binance,SOL,SELL,28.4077,108.996,3.10
H-00273,2023-10-15T23:30:48Z,Coinbase,BTC,BUY,0.00885625,58857.98,0.52
H-00274,2023-10-16T06:18:32Z,Coinbase,ETH,BUY,1.057431,2162.89,2.29
H-00275,2023-10-17T10:46:50Z,Binance,ETH,SELL,0.563234,2097.54,1.18
H-00276,2023-10-19T22:27:28Z,Binance,BTC,BUY,0.01709459,50773.18,0.87
H-00277,2023-10-21T05:18:37Z,Binance,CKB,SELL,1081803.06,0.00352282,3.81
H-00278,2023-10-21T07:29:45Z,Binance,DOGE,BUY,1430.86,0.120085,0.17
H-00279,2023-10-21T12:31:37Z,Binance,CKB,SELL,5421375.39,0.00356309,19.32
H-00280,2023-10-22T03:23:14Z,Binance,BTC,SELL,0.04156400,49606.43,2.06
H-00281,2023-10-22T17:58:50Z,Binance,ETH,BUY,0.891767,1652.60,1.47
H-00282,2023-10-23T07:16:27Z,Binance,CKB,BUY,201823.29,0.00322401,0.65
H-00283,2023-10-23T12:56:35Z,Binance,CKB,SELL,34311.29,0.00349322,0.12
H-00284,2023-10-23T18:20:19Z,Binance,DOGE,BUY,7989.63,0.122172,0.98
H-00285,2023-10-25T03:14:31Z,Coinbase,ETH,BUY,0.195860,1776.70,0.35
H-00286,2023-10-26T14:44:08Z,Coinbase,BTC,SELL,0.01619459,58360.53,0.95
H-00287,2023-10-28T17:55:20Z,Binance,SOL,BUY,19.2593,103.427,1.99
H-00288,2023-10-28T19:14:36Z,Binance,CKB,BUY,218345.46,0.00328169,0.72
H-00289,2023-10-30T01:23:59Z,Coinbase,DOGE,SELL,29340.83,0.128624,3.77
H-00290,2023-10-30T11:29:58Z,Binance,SOL,BUY,5.5227,100.678,0.56
H-00291,2023-11-01T21:22:52Z,Coinbase,BTC,SELL,0.01691700,54656.95,0.92
H-00292,2023-11-01T22:57:32Z,Coinbase,DOGE,BUY,16863.63,0.108202,1.82
H-00293,2023-11-03T18:21:03Z,Coinbase,CKB,BUY,471172.92,0.00299450,1.41
H-00294,2023-11-03T21:47:44Z,Coinbase,BTC,SELL,0.00461631,50349.68,0.23
H-00295,2023-11-04T03:15:53Z,Binance,DOGE,BUY,17506.59,0.120591,2.11
H-00296,2023-11-04T18:22:29Z,Binance,SOL,BUY,17.6133,105.909,1.87
H-00297,2023-11-05T15:48:06Z,Binance,ETH,BUY,0.692155,1691.87,1.17
H-00298,2023-11-07T22:57:11Z,Binance,SOL,SELL,68.7915,105.347,7.25
H-00299,2023-11-08T22:38:20Z,Coinbase,BTC,BUY,0.04946391,48309.73,2.39
H-00300,2023-11-09T07:48:55Z,Binance,ETH,BUY,1.024726,1865.84,1.91
H-00301,2023-11-10T22:30:12Z,Coinbase,BTC,BUY,0.02263747,51194.45,1.16
H-00302,2023-11-11T16:38:36Z,Binance,DOGE,BUY,10832.26,0.121484,1.32
H-00303,2023-11-11T18:21:31Z,Binance,CKB,SELL,468910.64,0.00383007,1.80
H-00304,2023-11-13T03:14:07Z,Binance,ETH,BUY,0.074646,2090.36,0.16
H-00305,2023-11-15T21:45:14Z,Binance,ETH,BUY,0.594974,1689.73,1.01
H-00306,2023-11-16T05:13:06Z,Coinbase,BTC,BUY,0.04172476,55069.87,2.30
H-00307,2023-11-16T05:51:30Z,Coinbase,ETH,BUY,0.609062,1852.36,1.13
H-00308,2023-11-17T01:20:11Z,Binance,BTC,BUY,0.00776818,55430.25,0.43
H-00309,2023-11-17T10:17:09Z,Coinbase,ETH,SELL,4.043335,1797.06,7.27
H-00310,2023-11-17T20:02:19Z,Binance,SOL,BUY,15.0533,96.309,1.45
H-00311,2023-11-18T10:43:38Z,Coinbase,SOL,SELL,4.9971,92.519,0.46
H-00312,2023-11-18T13:08:47Z,Binance,ETH,BUY,0.683266,2099.35,1.43
H-00313,2023-11-18T18:29:20Z,Binance,BTC,BUY,0.00335631,61433.29,0.21
H-00314,2023-11-21T07:22:28Z,Coinbase,SOL,BUY,19.5359,86.746,1.69
H-00315,2023-11-22T16:47:34Z,Binance,BTC,BUY,0.04939696,49807.15,2.46
H-00316,2023-11-23T06:53:50Z,Coinbase,ETH,BUY,0.175601,2099.15,0.37
H-00317,2023-11-23T17:13:32Z,Binance,SOL,BUY,18.8821,101.025,1.91
H-00318,2023-11-24T08:59:35Z,Binance,CKB,BUY,484601.73,0.00306309,1.48
H-00319,2023-11-24T10:15:39Z,Coinbase,ETH,BUY,1.160078,1853.02,2.15
H-00320,2023-11-24T10:20:14Z,Binance,SOL,SELL,23.7508,96.799,2.30
H-00321,2023-11-24T15:55:24Z,Coinbase,ETH,SELL,5.484185,1743.21,9.56
H-00322,2023-11-26T04:27:34Z,Binance,ETH,BUY,0.634606,1952.18,1.24
H-00323,2023-11-26T19:00:12Z,Binance,BTC,BUY,0.03576642,49270.49,1.76
H-00324,2023-11-27T01:01:52Z,Binance,ETH,SELL,0.176339,2182.62,0.38
H-00325,2023-11-27T02:09:57Z,Binance,SOL,SELL,8.0623,95.327,0.77
H-00326,2023-11-27T11:14:38Z,Binance,BTC,SELL,0.21803538,54329.71,11.85
H-00327,2023-11-28T11:31:05Z,Binance,ETH,BUY,0.604180,1806.36,1.09
H-00328,2023-11-28T12:41:45Z,Coinbase,DOGE,SELL,23041.27,0.122514,2.82
H-00329,2023-11-30T03:57:32Z,Binance,ETH,BUY,1.225831,1746.65,2.14
H-00330,2023-11-30T23:30:46Z,Coinbase,BTC,BUY,0.00430324,62510.69,0.27
H-00331,2023-12-01T13:31:03Z,Coinbase,CKB,BUY,296668.44,0.00353733,1.05
H-00332,2023-12-02T01:13:41Z,Binance,ETH,BUY,0.355589,2239.12,0.80
H-00333,2023-12-02T09:45:29Z,Coinbase,BTC,BUY,0.02798242,57175.06,1.60
H-00334,2023-12-02T16:32:54Z,Binance,CKB,SELL,362063.48,0.00395346,1.43
H-00335,2023-12-03T00:45:57Z,Coinbase,DOGE,BUY,18937.68,0.130697,2.48
H-00336,2023-12-04T05:50:12Z,Coinbase,CKB,BUY,358026.82,0.00360028,1.29
H-00337,2023-12-04T07:19:32Z,Binance,CKB,BUY,63852.01,0.00330840,0.21
H-00338,2023-12-05T00:31:50Z,Binance,SOL,BUY,27.5665,89.968,2.48
H-00339,2023-12-05T12:33:40Z,Binance,ETH,SELL,1.476943,1762.79,2.60
H-00340,2023-12-06T19:59:06Z,Binance,ETH,SELL,0.695219,2051.77,1.43
H-00341,2023-12-07T22:59:04Z,Coinbase,ETH,BUY,0.484998,1850.13,0.90
H-00342,2023-12-08T00:12:45Z,Binance,DOGE,BUY,17323.09,0.103695,1.80
H-00343,2023-12-09T10:30:17Z,Coinbase,DOGE,BUY,15416.38,0.137272,2.12
H-00344,2023-12-09T16:11:03Z,Coinbase,DOGE,SELL,30257.66,0.114097,3.45
H-00345,2023-12-10T20:05:11Z,Coinbase,BTC,BUY,0.03004807,53022.27,1.59
H-00346,2023-12-11T09:37:54Z,Binance,ETH,SELL,0.956703,2270.56,2.17
H-00347,2023-12-12T14:39:38Z,Coinbase,BTC,BUY,0.03516901,61775.21,2.17
H-00348,2023-12-12T18:07:00Z,Coinbase,CKB,SELL,573026.01,0.00368160,2.11
H-00349,2023-12-13T09:18:48Z,Coinbase,CKB,BUY,149070.81,0.00375242,0.56
H-00350,2023-12-13T12:22:45Z,Coinbase,ETH,BUY,0.972368,2122.62,2.06
H-00351,2023-12-14T18:02:59Z,Coinbase,SOL,SELL,44.2276,112.270,4.97
H-00352,2023-12-15T08:31:39Z,Binance,DOGE,BUY,14945.62,0.104754,1.57
H-00353,2023-12-15T10:31:43Z,Coinbase,DOGE,SELL,129181.81,0.107387,13.87
H-00354,2023-12-17T15:37:57Z,Binance,SOL,BUY,23.5342,94.777,2.23
H-00355,2023-12-20T14:33:13Z,Coinbase,SOL,SELL,23.5342,103.939,2.45
H-00356,2023-12-21T01:26:59Z,Coinbase,BTC,BUY,0.00436717,60255.63,0.26
H-00357,2023-12-22T20:30:40Z,Coinbase,ETH,SELL,0.146550,2280.40,0.33
H-00358,2023-12-27T00:14:19Z,Binance,DOGE,BUY,13668.33,0.129118,1.76
H-00359,2023-12-27T08:12:34Z,Binance,CKB,SELL,463688.00,0.00318405,1.48
H-00360,2023-12-27T16:22:09Z,Binance,SOL,BUY,10.7572,95.966,1.03
H-00361,2023-12-28T01:43:27Z,Binance,DOGE,SELL,7471.29,0.140069,1.05
H-00362,2023-12-28T23:03:31Z,Binance,CKB,BUY,129784.69,0.00414335,0.54
H-00363,2023-12-29T03:35:01Z,Coinbase,BTC,SELL,0.04696397,50229.29,2.36
H-00364,2023-12-29T20:20:11Z,Binance,SOL,SELL,3.7163,100.286,0.37
H-00365,2023-12-30T05:31:50Z,Coinbase,SOL,BUY,3.9146,90.922,0.36
H-00366,2023-12-30T14:51:42Z,Binance,ETH,BUY,0.350859,1813.66,0.64
H-00367,2024-01-01T00:59:26Z,Binance,CKB,SELL,202924.22,0.00404951,0.82
H-00368,2024-01-03T09:29:26Z,Coinbase,DOGE,SELL,757.95,0.120381,0.09
H-00369,2024-01-03T12:37:29Z,Binance,CKB,BUY,619014.57,0.00342017,2.12
H-00370,2024-01-04T15:03:00Z,Binance,BTC,BUY,0.01902921,50338.92,0.96
H-00371,2024-01-04T18:03:56Z,Coinbase,DOGE,BUY,9780.70,0.108346,1.06
H-00372,2024-01-05T17:00:26Z,Binance,DOGE,SELL,6957.77,0.139220,0.97
H-00373,2024-01-07T22:24:20Z,Binance,BTC,BUY,0.01840645,65479.39,1.21
H-00374,2024-01-08T07:20:57Z,Coinbase,ETH,BUY,0.196133,2276.71,0.45
H-00375,2024-01-08T11:28:52Z,Coinbase,ETH,BUY,0.678009,2395.22,1.62
H-00376,2024-01-11T00:55:47Z,Coinbase,SOL,SELL,3.2722,121.631,0.40
H-00377,2024-01-12T09:34:32Z,Coinbase,SOL,SELL,3.0256,109.095,0.33
H-00378,2024-01-13T14:53:11Z,Binance,BTC,BUY,0.00880514,56588.45,0.50
H-00379,2024-01-14T16:03:24Z,Coinbase,BTC,SELL,0.02750530,59242.16,1.63
H-00380,2024-01-17T09:35:02Z,Binance,SOL,BUY,12.2676,105.247,1.29
H-00381,2024-01-19T01:28:12Z,Coinbase,ETH,BUY,0.248063,1967.46,0.49
H-00382,2024-01-20T20:34:33Z,Binance,BTC,BUY,0.03905571,56727.95,2.22
H-00383,2024-01-20T23:54:20Z,Coinbase,CKB,SELL,223214.81,0.00422985,0.94
H-00384,2024-01-21T06:39:01Z,Binance,CKB,BUY,422868.18,0.00416064,1.76
H-00385,2024-01-21T08:38:03Z,Coinbase,ETH,BUY,0.954368,1988.49,1.90
H-00386,2024-01-21T11:30:07Z,Coinbase,SOL,SELL,9.4226,117.101,1.10
H-00387,2024-01-21T18:59:46Z,Binance,CKB,BUY,539992.76,0.00405171,2.19
H-00388,2024-01-22T02:28:10Z,Binance,BTC,SELL,0.06081885,55318.35,3.36
H-00389,2024-01-22T19:05:59Z,Binance,ETH,BUY,1.095736,1923.26,2.11
H-00390,2024-01-23T13:09:54Z,Coinbase,BTC,BUY,0.03980323,57969.49,2.31
H-00391,2024-01-23T14:59:44Z,Binance,SOL,BUY,11.0954,120.505,1.34
H-00392,2024-01-24T00:19:01Z,Coinbase,BTC,BUY,0.02395236,54217.98,1.30
H-00393,2024-01-24T17:02:17Z,Coinbase,DOGE,BUY,7398.66,0.129616,0.96
H-00394,2024-01-25T04:03:46Z,Binance,BTC,SELL,0.06735198,55050.05,3.71
H-00395,2024-01-26T00:24:01Z,Binance,ETH,BUY,0.349329,2239.57,0.78
H-00396,2024-01-27T13:13:40Z,Coinbase,BTC,SELL,0.01023021,58543.58,0.60
H-00397,2024-01-28T01:04:15Z,Coinbase,SOL,SELL,6.1997,107.869,0.67
H-00398,2024-02-01T02:00:07Z,Coinbase,DOGE,BUY,11927.74,0.113354,1.35
H-00399,2024-02-02T07:14:05Z,Binance,DOGE,SELL,27588.42,0.134582,3.71
H-00400,2024-02-03T02:16:12Z,Coinbase,SOL,BUY,12.9912,127.425,1.66
H-00401,2024-02-03T21:12:17Z,Coinbase,SOL,SELL,25.3896,100.840,2.56
H-00402,2024-02-03T23:56:36Z,Coinbase,SOL,BUY,15.7308,117.287,1.85
H-00403,2024-02-04T08:06:07Z,Binance,SOL,SELL,15.7308,103.263,1.62
H-00404,2024-02-04T11:20:52Z,Coinbase,SOL,BUY,5.6575,118.878,0.67
H-00405,2024-02-04T16:42:17Z,Binance,SOL,BUY,19.1489,111.585,2.14
H-00406,2024-02-05T00:36:51Z,Binance,SOL,SELL,11.9433,97.935,1.17
H-00407,2024-02-06T22:10:21Z,Coinbase,SOL,SELL,3.9906,116.787,0.47
H-00408,2024-02-07T11:27:18Z,Coinbase,SOL,BUY,8.1131,103.662,0.84
H-00409,2024-02-11T05:12:04Z,Binance,BTC,BUY,0.02285558,66565.82,1.52
H-00410,2024-02-11T06:39:28Z,Coinbase,CKB,BUY,308728.54,0.00429543,1.33
H-00411,2024-02-12T07:20:05Z,Binance,DOGE,BUY,2262.71,0.122440,0.28
H-00412,2024-02-13T18:37:06Z,Coinbase,ETH,BUY,0.383372,2491.77,0.96
H-00413,2024-02-16T07:20:41Z,Coinbase,ETH,BUY,0.890439,2057.21,1.83
H-00414,2024-02-16T19:23:11Z,Binance,SOL,BUY,4.8223,117.276,0.57
H-00415,2024-02-17T18:53:40Z,Binance,CKB,SELL,667445.72,0.00361057,2.41
H-00416,2024-02-20T10:59:17Z,Coinbase,ETH,BUY,0.724388,2262.18,1.64
H-00417,2024-02-21T08:13:15Z,Binance,CKB,BUY,424161.16,0.00331098,1.40
H-00418,2024-02-21T12:10:42Z,Binance,SOL,SELL,21.8079,122.163,2.66
H-00419,2024-02-22T04:50:33Z,Binance,ETH,SELL,2.640672,2318.46,6.12
H-00420,2024-02-22T18:00:37Z,Coinbase,BTC,SELL,0.02425236,66638.58,1.62
H-00421,2024-02-22T19:35:22Z,Binance,CKB,SELL,473273.67,0.00434848,2.06
H-00422,2024-02-23T19:16:02Z,Binance,ETH,BUY,0.926768,2490.14,2.31
H-00423,2024-02-24T00:24:33Z,Binance,ETH,BUY,0.195434,2345.21,0.46
H-00424,2024-02-24T11:52:40Z,Binance,BTC,SELL,0.00835346,58417.78,0.49
H-00425,2024-02-24T12:24:04Z,Binance,DOGE,BUY,11244.92,0.151680,1.71
H-00426,2024-02-25T07:17:31Z,Binance,BTC,SELL,0.00954320,64373.99,0.61
H-00427,2024-02-26T02:58:07Z,Coinbase,ETH,SELL,2.232987,2329.48,5.20
H-00428,2024-02-26T23:21:56Z,Binance,DOGE,BUY,3457.06,0.136629,0.47
H-00429,2024-02-27T01:04:36Z,Binance,DOGE,SELL,16964.69,0.141135,2.39
H-00430,2024-02-27T08:44:29Z,Binance,DOGE,BUY,6370.83,0.120555,0.77
H-00431,2024-02-27T19:19:37Z,Binance,SOL,BUY,6.9659,121.173,0.84
H-00432,2024-02-29T11:28:43Z,Coinbase,DOGE,BUY,4810.37,0.132647,0.64
H-00433,2024-03-01T11:14:59Z,Coinbase,ETH,BUY,0.918757,1881.17,1.73
H-00434,2024-03-02T03:24:14Z,Binance,ETH,SELL,2.134331,2510.95,5.36
H-00435,2024-03-03T12:24:03Z,Binance,CKB,BUY,187365.18,0.00451339,0.85
H-00436,2024-03-04T04:28:39Z,Binance,ETH,SELL,0.541324,2466.41,1.34
H-00437,2024-03-04T14:18:25Z,Binance,BTC,SELL,0.01875826,67932.09,1.27
H-00438,2024-03-05T15:24:52Z,Binance,SOL,BUY,10.7019,110.133,1.18
H-00439,2024-03-05T22:59:20Z,Coinbase,SOL,BUY,4.6025,125.964,0.58
H-00440,2024-03-06T05:04:51Z,Coinbase,SOL,BUY,13.9784,126.715,1.77
H-00441,2024-03-06T16:52:13Z,Coinbase,ETH,SELL,0.213509,1965.41,0.42
H-00442,2024-03-06T20:37:53Z,Coinbase,DOGE,BUY,11179.32,0.133015,1.49
H-00443,2024-03-07T03:50:49Z,Binance,SOL,BUY,18.2810,119.088,2.18
H-00444,2024-03-08T02:17:57Z,Binance,CKB,BUY,93250.94,0.00445468,0.42
H-00445,2024-03-08T10:37:19Z,Binance,BTC,BUY,0.01550602,57297.70,0.89
H-00446,2024-03-08T14:16:42Z,Coinbase,SOL,BUY,15.2258,116.077,1.77
H-00447,2024-03-09T21:10:02Z,Binance,ETH,BUY,0.770481,2219.03,1.71
H-00448,2024-03-10T03:58:24Z,Coinbase,DOGE,SELL,7888.43,0.149968,1.18
H-00449,2024-03-10T05:42:45Z,Binance,CKB,BUY,74003.60,0.00440429,0.33
H-00450,2024-03-11T12:55:48Z,Binance,SOL,SELL,21.0409,132.111,2.78
H-00451,2024-03-12T07:11:32Z,Coinbase,BTC,BUY,0.03321504,61206.13,2.03
H-00452,2024-03-12T17:53:58Z,Binance,CKB,BUY,653480.21,0.00375616,2.45
H-00453,2024-03-14T07:36:29Z,Binance,BTC,BUY,0.00388391,60301.28,0.23
H-00454,2024-03-14T23:12:39Z,Binance,DOGE,BUY,10729.38,0.153617,1.65
H-00455,2024-03-15T01:19:26Z,Coinbase,CKB,SELL,728856.86,0.00452379,3.30
H-00456,2024-03-15T01:26:51Z,Binance,SOL,BUY,3.3775,123.745,0.42
H-00457,2024-03-15T05:30:13Z,Coinbase,BTC,BUY,0.03547547,59202.24,2.10
H-00458,2024-03-16T11:31:31Z,Coinbase,DOGE,SELL,4289.91,0.135985,0.58
H-00459,2024-03-16T14:13:34Z,Binance,BTC,SELL,0.01830265,57662.25,1.06
H-00460,2024-03-19T09:11:13Z,Binance,SOL,BUY,10.9112,103.014,1.12
H-00461,2024-03-19T09:18:11Z,Coinbase,CKB,BUY,388327.85,0.00395257,1.53
H-00462,2024-03-19T13:22:29Z,Coinbase,BTC,BUY,0.00419167,63016.21,0.26
H-00463,2024-03-20T00:39:48Z,Binance,DOGE,BUY,15566.90,0.147038,2.29
H-00464,2024-03-21T14:55:14Z,Coinbase,ETH,BUY,0.851629,1990.51,1.70
H-00465,2024-03-21T15:34:06Z,Binance,DOGE,BUY,7490.22,0.151379,1.13
H-00466,2024-03-21T19:31:51Z,Coinbase,SOL,SELL,10.6532,113.467,1.21
H-00467,2024-03-23T11:17:56Z,Binance,DOGE,BUY,12086.14,0.150826,1.82
H-00468,2024-03-23T11:26:07Z,Binance,ETH,BUY,0.884972,2066.51,1.83
H-00469,2024-03-24T03:04:52Z,Coinbase,ETH,SELL,3.481732,2267.84,7.90
H-00470,2024-03-25T06:03:10Z,Coinbase,DOGE,BUY,10999.47,0.135552,1.49
H-00471,2024-03-25T14:03:34Z,Binance,DOGE,BUY,16774.58,0.127643,2.14
H-00472,2024-03-26T16:36:45Z,Coinbase,BTC,SELL,0.03644964,60671.34,2.21
H-00473,2024-03-27T10:13:36Z,Binance,SOL,BUY,2.8100,105.259,0.30
H-00474,2024-03-27T15:04:23Z,Binance,DOGE,SELL,39378.30,0.117517,4.63
H-00475,2024-03-27T22:49:13Z,Coinbase,DOGE,BUY,10218.01,0.132185,1.35
H-00476,2024-03-28T14:40:12Z,Coinbase,BTC,BUY,0.01491629,71113.76,1.06
H-00477,2024-03-28T19:50:20Z,Coinbase,DOGE,SELL,28986.50,0.118548,3.44
H-00478,2024-03-29T05:30:44Z,Coinbase,ETH,BUY,0.705827,2558.53,1.81
H-00479,2024-03-30T06:33:15Z,Binance,DOGE,BUY,11280.77,0.138994,1.57
H-00480,2024-03-30T16:52:08Z,Binance,SOL,SELL,25.7895,116.340,3.00
H-00481,2024-03-30T17:58:46Z,Binance,CKB,SELL,986822.59,0.00349361,3.45
H-00482,2024-03-30T20:32:09Z,Coinbase,SOL,SELL,11.7024,116.980,1.37
H-00483,2024-03-31T09:02:12Z,Binance,CKB,SELL,326428.46,0.00440733,1.44
H-00484,2024-04-01T18:55:01Z,Coinbase,DOGE,BUY,11176.42,0.119634,1.34
H-00485,2024-04-02T04:51:58Z,Coinbase,BTC,BUY,0.03679967,60489.19,2.23
H-00486,2024-04-02T18:12:26Z,Coinbase,SOL,BUY,21.4332,111.193,2.38
H-00487,2024-04-03T11:40:10Z,Binance,DOGE,SELL,15540.97,0.151052,2.35
H-00488,2024-04-04T14:43:59Z,Binance,BTC,BUY,0.01349771,66989.28,0.90
H-00489,2024-04-04T17:27:21Z,Coinbase,CKB,SELL,278324.87,0.00377573,1.05
H-00490,2024-04-05T13:36:00Z,Binance,CKB,SELL,169503.93,0.00351885,0.60
H-00491,2024-04-05T18:51:26Z,Coinbase,DOGE,SELL,6734.40,0.139388,0.94
H-00492,2024-04-05T23:18:57Z,Coinbase,BTC,BUY,0.03617518,57983.38,2.10
H-00493,2024-04-06T15:43:56Z,Coinbase,BTC,BUY,0.00747981,68360.44,0.51
H-00494,2024-04-06T17:39:21Z,Binance,BTC,BUY,0.00497587,55775.15,0.28
H-00495,2024-04-06T23:25:45Z,Coinbase,DOGE,BUY,15119.22,0.151517,2.29
H-00496,2024-04-07T14:49:19Z,Binance,CKB,BUY,47383.64,0.00400336,0.19
H-00497,2024-04-08T07:55:32Z,Binance,DOGE,SELL,11428.15,0.120247,1.37
H-00498,2024-04-09T02:47:07Z,Coinbase,SOL,SELL,12.4670,129.590,1.62
H-00499,2024-04-09T04:20:37Z,Coinbase,BTC,SELL,0.07549181,63315.65,4.78
H-00500,2024-04-09T22:24:20Z,Coinbase,ETH,BUY,1.031712,2165.72,2.23
H-00501,2024-04-12T06:04:52Z,Coinbase,BTC,SELL,0.07587254,65045.11,4.94
H-00502,2024-04-12T11:35:37Z,Binance,DOGE,SELL,13683.03,0.140958,1.93
H-00503,2024-04-12T23:04:26Z,Coinbase,CKB,SELL,70712.93,0.00460806,0.33
H-00504,2024-04-13T08:54:23Z,Binance,ETH,BUY,0.843938,2046.12,1.73
H-00505,2024-04-13T14:56:48Z,Binance,DOGE,SELL,15871.94,0.137523,2.18
H-00506,2024-04-13T19:53:16Z,Binance,ETH,SELL,2.581477,2471.35,6.38
H-00507,2024-04-14T00:23:57Z,Binance,BTC,BUY,0.00523418,59999.98,0.31
H-00508,2024-04-14T08:20:24Z,Binance,SOL,BUY,7.7148,119.460,0.92
H-00509,2024-04-14T11:34:59Z,Coinbase,DOGE,BUY,14417.41,0.142057,2.05
H-00510,2024-04-15T07:12:46Z,Binance,ETH,BUY,0.369082,1973.85,0.73
H-00511,2024-04-15T08:23:29Z,Coinbase,CKB,BUY,258899.98,0.00384238,0.99
H-00512,2024-04-15T10:13:48Z,Binance,CKB,SELL,67885.75,0.00407271,0.28
H-00513,2024-04-16T08:43:23Z,Coinbase,SOL,BUY,3.5973,133.156,0.48
H-00514,2024-04-17T11:34:24Z,Binance,BTC,BUY,0.03267324,68754.95,2.25
H-00515,2024-04-18T02:56:23Z,Coinbase,DOGE,SELL,14417.41,0.143096,2.06
H-00516,2024-04-19T01:45:55Z,Binance,DOGE,BUY,9064.45,0.156462,1.42
H-00517,2024-04-19T03:23:23Z,Coinbase,SOL,BUY,19.2406,116.674,2.24
H-00518,2024-04-20T02:35:28Z,Binance,ETH,SELL,0.159200,2305.05,0.37
H-00519,2024-04-20T12:20:43Z,Binance,DOGE,BUY,4192.98,0.125012,0.52
H-00520,2024-04-20T13:13:46Z,Binance,CKB,BUY,52281.76,0.00468589,0.24
H-00521,2024-04-21T06:34:48Z,Coinbase,BTC,BUY,0.01165660,60046.98,0.70
H-00522,2024-04-22T02:47:06Z,Coinbase,CKB,SELL,90588.65,0.00410931,0.37
H-00523,2024-04-22T15:08:34Z,Binance,SOL,SELL,22.5225,123.849,2.79
H-00524,2024-04-23T01:27:33Z,Coinbase,DOGE,SELL,6742.97,0.130027,0.88
H-00525,2024-04-23T12:20:15Z,Binance,CKB,SELL,81626.33,0.00451759,0.37
H-00526,2024-04-23T22:23:31Z,Binance,BTC,SELL,0.01987567,65073.57,1.29
H-00527,2024-04-24T08:02:39Z,Binance,ETH,SELL,0.071257,2279.89,0.16
H-00528,2024-04-24T09:03:56Z,Binance,CKB,BUY,70592.33,0.00356114,0.25
H-00529,2024-04-25T02:28:43Z,Binance,ETH,BUY,0.099520,2432.67,0.24
H-00530,2024-04-25T13:00:30Z,Binance,ETH,BUY,0.263754,2172.81,0.57
H-00531,2024-04-25T13:23:51Z,Coinbase,SOL,BUY,4.7878,137.641,0.66
H-00532,2024-04-26T21:21:51Z,Binance,CKB,BUY,559546.47,0.00375546,2.10
H-00533,2024-04-27T02:06:40Z,Coinbase,DOGE,BUY,5219.56,0.147833,0.77
H-00534,2024-04-27T05:04:35Z,Binance,CKB,SELL,803635.13,0.00428941,3.45
H-00535,2024-04-29T12:57:41Z,Binance,ETH,BUY,0.965649,2368.30,2.29
H-00536,2024-04-30T16:44:36Z,Binance,DOGE,BUY,10191.51,0.124446,1.27
H-00537,2024-05-01T15:16:10Z,Binance,DOGE,BUY,3003.86,0.141872,0.43
H-00538,2024-05-03T01:27:26Z,Coinbase,DOGE,BUY,1064.15,0.143608,0.15
H-00539,2024-05-04T04:32:20Z,Coinbase,DOGE,BUY,15901.82,0.138716,2.21
H-00540,2024-05-06T08:04:33Z,Coinbase,ETH,BUY,0.478719,2680.05,1.28
H-00541,2024-05-07T15:21:40Z,Binance,DOGE,BUY,14672.98,0.155624,2.28
H-00542,2024-05-09T03:19:49Z,Binance,CKB,BUY,338474.17,0.00375592,1.27
H-00543,2024-05-10T02:02:59Z,Binance,BTC,BUY,0.03589554,61578.70,2.21
H-00544,2024-05-10T18:48:30Z,Binance,BTC,BUY,0.02862749,70042.57,2.01
H-00545,2024-05-11T22:24:00Z,Coinbase,DOGE,BUY,13833.26,0.122038,1.69
H-00546,2024-05-12T06:05:08Z,Coinbase,CKB,BUY,126606.12,0.00405770,0.51
H-00547,2024-05-13T03:43:01Z,Binance,SOL,SELL,17.3710,136.693,2.37
H-00548,2024-05-14T03:51:19Z,Coinbase,CKB,SELL,159001.69,0.00430697,0.68
H-00549,2024-05-15T02:01:59Z,Binance,DOGE,BUY,13200.68,0.136956,1.81
H-00550,2024-05-15T19:43:49Z,Coinbase,ETH,SELL,0.584426,2352.90,1.38
H-00551,2024-05-15T20:00:15Z,Binance,DOGE,SELL,34940.60,0.148689,5.20
H-00552,2024-05-15T22:03:09Z,Binance,ETH,SELL,0.388693,2371.12,0.92
H-00553,2024-05-15T23:18:40Z,Coinbase,CKB,BUY,227527.50,0.00479729,1.09
H-00554,2024-05-16T02:43:21Z,Coinbase,DOGE,SELL,5126.76,0.124719,0.64
H-00555,2024-05-16T11:26:54Z,Binance,ETH,BUY,0.757467,2057.99,1.56
H-00556,2024-05-16T16:45:55Z,Binance,DOGE,SELL,43534.92,0.129628,5.64
H-00557,2024-05-16T18:01:38Z,Binance,BTC,SELL,0.03702885,76184.65,2.82
H-00558,2024-05-16T23:23:17Z,Coinbase,BTC,BUY,0.01930888,74656.99,1.44
H-00559,2024-05-16T23:29:11Z,Binance,SOL,BUY,5.6624,141.247,0.80
H-00560,2024-05-17T05:37:04Z,Binance,CKB,SELL,81765.79,0.00480211,0.39
H-00561,2024-05-17T09:18:12Z,Coinbase,DOGE,BUY,17582.26,0.135107,2.38
H-00562,2024-05-17T14:49:36Z,Coinbase,DOGE,BUY,9526.59,0.157559,1.50
H-00563,2024-05-17T15:29:46Z,Binance,DOGE,SELL,11949.51,0.143325,1.71
H-00564,2024-05-19T11:14:16Z,Binance,CKB,BUY,81844.03,0.00377245,0.31
H-00565,2024-05-19T11:57:50Z,Coinbase,ETH,SELL,0.779485,2616.12,2.04
H-00566,2024-05-19T17:39:16Z,Coinbase,ETH,BUY,0.483891,2247.38,1.09
H-00567,2024-05-19T20:34:41Z,Binance,BTC,SELL,0.02959118,67596.80,2.00
H-00568,2024-05-20T00:55:07Z,Coinbase,ETH,BUY,0.257946,2400.57,0.62
H-00569,2024-05-20T22:06:12Z,Coinbase,ETH,BUY,0.956502,2208.16,2.11
H-00570,2024-05-21T22:30:39Z,Binance,ETH,SELL,0.917597,2607.16,2.39
H-00571,2024-05-23T16:05:57Z,Coinbase,DOGE,SELL,8323.40,0.164807,1.37
H-00572,2024-05-24T08:23:03Z,Coinbase,CKB,BUY,502016.42,0.00387640,1.95
H-00573,2024-05-24T13:24:05Z,Coinbase,ETH,BUY,0.174067,2593.13,0.45
H-00574,2024-05-25T20:29:47Z,Coinbase,CKB,SELL,505372.24,0.00485624,2.45
H-00575,2024-05-27T02:16:24Z,Binance,BTC,BUY,0.01734725,70971.80,1.23
H-00576,2024-05-27T22:04:25Z,Coinbase,ETH,SELL,0.368944,2332.60,0.86
H-00577,2024-05-28T01:52:38Z,Coinbase,ETH,SELL,0.479499,2253.08,1.08
H-00578,2024-05-28T08:33:21Z,Binance,SOL,BUY,9.0689,120.344,1.09
H-00579,2024-05-28T23:45:57Z,Binance,DOGE,BUY,13416.48,0.153792,2.06
H-00580,2024-05-29T18:01:08Z,Binance,DOGE,SELL,3539.60,0.142808,0.51
H-00581,2024-05-31T03:04:03Z,Coinbase,ETH,BUY,0.196574,2370.65,0.47
H-00582,2024-05-31T09:22:13Z,Coinbase,CKB,BUY,362760.23,0.00405509,1.47
H-00583,2024-05-31T13:44:05Z,Coinbase,BTC,BUY,0.00409227,71130.62,0.29
H-00584,2024-06-01T05:20:22Z,Coinbase,BTC,SELL,0.03867499,66314.67,2.56
H-00585,2024-06-01T05:50:10Z,Binance,SOL,BUY,4.0357,107.766,0.43
H-00586,2024-06-02T13:36:20Z,Coinbase,DOGE,SELL,4638.72,0.149653,0.69
H-00587,2024-06-03T03:14:58Z,Binance,CKB,SELL,153990.09,0.00483115,0.74
H-00588,2024-06-03T04:02:20Z,Binance,SOL,BUY,12.8990,123.182,1.59
H-00589,2024-06-03T12:39:11Z,Coinbase,BTC,SELL,0.00693373,60637.69,0.42
H-00590,2024-06-03T19:23:11Z,Coinbase,SOL,BUY,14.0901,140.900,1.99
H-00591,2024-06-04T17:33:19Z,Binance,CKB,SELL,166905.85,0.00389994,0.65
H-00592,2024-06-04T18:54:59Z,Binance,ETH,SELL,0.469294,2195.24,1.03
H-00593,2024-06-05T15:47:40Z,Coinbase,CKB,SELL,81340.43,0.00436746,0.36
H-00594,2024-06-05T19:36:25Z,Binance,SOL,BUY,16.2078,116.200,1.88
H-00595,2024-06-06T02:25:43Z,Coinbase,ETH,SELL,0.437620,2461.69,1.08
H-00596,2024-06-06T03:42:04Z,Binance,CKB,SELL,287036.30,0.00495656,1.42
H-00597,2024-06-06T06:09:30Z,Coinbase,DOGE,BUY,10803.51,0.151151,1.63
H-00598,2024-06-06T14:23:05Z,Coinbase,DOGE,BUY,9175.38,0.153061,1.40
H-00599,2024-06-06T16:54:56Z,Binance,DOGE,SELL,5700.91,0.134889,0.77
H-00600,2024-06-06T19:04:29Z,Coinbase,BTC,SELL,0.00835478,68170.19,0.57
H-00601,2024-06-07T07:11:55Z,Binance,CKB,BUY,477640.99,0.00408213,1.95
H-00602,2024-06-07T14:32:02Z,Coinbase,BTC,BUY,0.00862999,68730.30,0.59
H-00603,2024-06-08T10:25:26Z,Coinbase,CKB,BUY,455044.93,0.00402181,1.83
H-00604,2024-06-08T13:28:06Z,Coinbase,ETH,SELL,0.192664,2273.92,0.44
H-00605,2024-06-11T16:38:06Z,Binance,SOL,SELL,11.2816,132.862,1.50
H-00606,2024-06-13T04:30:17Z,Coinbase,SOL,BUY,10.8457,112.492,1.22
H-00607,2024-06-13T09:00:05Z,Binance,ETH,BUY,0.218099,2327.16,0.51
H-00608,2024-06-13T14:57:22Z,Binance,ETH,SELL,0.038787,2808.68,0.11
H-00609,2024-06-14T20:19:26Z,Coinbase,ETH,BUY,0.313809,2104.44,0.66
H-00610,2024-06-15T16:56:18Z,Binance,SOL,SELL,48.1441,126.302,6.08
H-00611,2024-06-16T17:06:00Z,Binance,SOL,BUY,2.2961,138.388,0.32
H-00612,2024-06-17T02:51:43Z,Coinbase,SOL,SELL,8.4767,140.039,1.19
H-00613,2024-06-17T20:43:03Z,Binance,ETH,BUY,0.086440,2646.32,0.23
H-00614,2024-06-18T14:05:28Z,Binance,DOGE,SELL,14970.82,0.156026,2.34
H-00615,2024-06-19T16:55:07Z,Coinbase,BTC,SELL,0.00573791,73584.84,0.42
H-00616,2024-06-20T10:15:56Z,Binance,BTC,SELL,0.00452874,76083.87,0.34
H-00617,2024-06-20T19:41:08Z,Coinbase,SOL,SELL,11.4368,131.588,1.50
H-00618,2024-06-21T10:30:17Z,Coinbase,DOGE,SELL,5041.58,0.133609,0.67
H-00619,2024-06-21T13:19:43Z,Binance,BTC,BUY,0.02792979,59604.85,1.66
H-00620,2024-06-21T17:32:17Z,Coinbase,ETH,BUY,0.362017,2470.43,0.89
H-00621,2024-06-22T08:10:57Z,Binance,CKB,SELL,256108.59,0.00471544,1.21
H-00622,2024-06-23T13:09:54Z,Coinbase,CKB,BUY,312373.05,0.00468577,1.46
H-00623,2024-06-26T10:56:00Z,Binance,ETH,SELL,0.585116,2540.62,1.49
H-00624,2024-06-27T09:23:15Z,Coinbase,BTC,BUY,0.01730194,69706.24,1.21
H-00625,2024-06-27T19:38:36Z,Coinbase,CKB,SELL,130440.85,0.00376680,0.49
H-00626,2024-06-29T10:28:42Z,Coinbase,DOGE,BUY,13324.75,0.138416,1.84
H-00627,2024-06-29T17:32:36Z,Coinbase,ETH,BUY,0.524205,2516.65,1.32
H-00628,2024-06-29T22:28:40Z,Binance,SOL,SELL,2.1755,125.954,0.27
H-00629,2024-07-01T01:53:51Z,Binance,ETH,BUY,0.224605,2782.16,0.62
H-00630,2024-07-02T10:30:54Z,Coinbase,BTC,BUY,0.02984604,70873.86,2.12
H-00631,2024-07-02T11:40:14Z,Coinbase,BTC,SELL,0.01794715,66616.21,1.20
H-00632,2024-07-02T15:00:01Z,Coinbase,BTC,SELL,0.03809431,68742.78,2.62
H-00633,2024-07-03T06:49:29Z,Coinbase,BTC,SELL,0.03177590,76194.79,2.42
H-00634,2024-07-03T14:55:19Z,Binance,BTC,BUY,0.03057362,78740.39,2.41
H-00635,2024-07-04T04:52:07Z,Binance,BTC,SELL,0.00686016,74208.06,0.51
H-00636,2024-07-04T22:04:10Z,Coinbase,DOGE,SELL,5486.02,0.162259,0.89
H-00637,2024-07-05T22:07:41Z,Binance,CKB,SELL,285506.84,0.00497760,1.42
H-00638,2024-07-07T14:49:41Z,Coinbase,DOGE,SELL,8446.53,0.173994,1.47
H-00639,2024-07-07T18:58:07Z,Coinbase,SOL,BUY,12.8986,127.000,1.64
H-00640,2024-07-07T21:05:11Z,Coinbase,DOGE,SELL,2707.10,0.139622,0.38
H-00641,2024-07-08T17:16:43Z,Coinbase,CKB,BUY,245826.98,0.00440620,1.08
H-00642,2024-07-09T01:38:55Z,Binance,DOGE,BUY,3607.57,0.129575,0.47
H-00643,2024-07-09T04:54:16Z,Coinbase,SOL,SELL,16.3333,149.584,2.44
H-00644,2024-07-10T00:42:06Z,Binance,DOGE,BUY,9795.43,0.152221,1.49
H-00645,2024-07-10T12:49:32Z,Coinbase,BTC,SELL,0.00533383,69100.41,0.37
H-00646,2024-07-11T12:13:28Z,Binance,SOL,BUY,9.4853,114.865,1.09
H-00647,2024-07-12T11:49:02Z,Binance,SOL,BUY,3.9033,142.524,0.56
H-00648,2024-07-12T13:35:37Z,Coinbase,DOGE,BUY,1499.88,0.158562,0.24
H-00649,2024-07-13T07:54:44Z,Binance,BTC,SELL,0.00582914,76009.41,0.44
H-00650,2024-07-13T10:27:58Z,Coinbase,ETH,BUY,0.789222,2719.48,2.15
H-00651,2024-07-13T13:21:09Z,Binance,BTC,BUY,0.00373766,66024.75,0.25
H-00652,2024-07-13T22:39:23Z,Coinbase,SOL,SELL,7.5967,131.286,1.00
H-00653,2024-07-15T23:48:32Z,Coinbase,DOGE,BUY,2318.42,0.156009,0.36
H-00654,2024-07-16T01:16:45Z,Binance,ETH,BUY,0.152364,2257.63,0.34
H-00655,2024-07-16T09:20:28Z,Binance,DOGE,BUY,2364.33,0.148006,0.35
H-00656,2024-07-16T19:32:02Z,Binance,ETH,SELL,0.837798,2524.93,2.12
H-00657,2024-07-18T02:20:24Z,Coinbase,ETH,SELL,0.197439,2215.80,0.44
H-00658,2024-07-18T09:24:02Z,Binance,CKB,SELL,495820.23,0.00433519,2.15
H-00659,2024-07-19T16:11:17Z,Binance,SOL,BUY,18.1455,136.501,2.48
H-00660,2024-07-20T07:44:01Z,Binance,CKB,SELL,252279.30,0.00390803,0.99
H-00661,2024-07-21T16:57:27Z,Binance,BTC,BUY,0.00952012,75751.48,0.72
H-00662,2024-07-21T20:35:58Z,Binance,SOL,SELL,4.0290,112.891,0.45
H-00663,2024-07-22T20:42:15Z,Coinbase,DOGE,BUY,10223.10,0.140280,1.43
H-00664,2024-07-23T21:51:09Z,Binance,DOGE,BUY,2934.56,0.164306,0.48
H-00665,2024-07-24T10:58:04Z,Coinbase,CKB,SELL,66442.04,0.00465671,0.31
H-00666,2024-07-26T05:16:35Z,Coinbase,BTC,SELL,0.01113603,70224.93,0.78
H-00667,2024-07-26T17:36:17Z,Binance,BTC,BUY,0.03601698,60760.64,2.19
H-00668,2024-07-27T04:22:17Z,Coinbase,CKB,BUY,398039.04,0.00456681,1.82
H-00669,2024-07-28T05:37:32Z,Coinbase,DOGE,BUY,3774.93,0.155786,0.59
H-00670,2024-07-28T14:36:32Z,Coinbase,DOGE,SELL,10549.47,0.174125,1.84
H-00671,2024-07-31T04:02:05Z,Coinbase,ETH,SELL,0.697332,2201.91,1.54
H-00672,2024-07-31T06:44:16Z,Binance,BTC,BUY,0.02993211,73997.17,2.21
H-00673,2024-07-31T15:37:24Z,Coinbase,DOGE,SELL,4889.19,0.175676,0.86
H-00674,2024-08-01T01:37:24Z,Binance,DOGE,BUY,9015.61,0.176278,1.59
H-00675,2024-08-01T14:02:58Z,Coinbase,CKB,BUY,120563.90,0.00422150,0.51
H-00676,2024-08-01T20:02:30Z,Binance,CKB,SELL,363391.73,0.00463717,1.69
H-00677,2024-08-03T00:56:31Z,Coinbase,SOL,BUY,16.0137,141.242,2.26
H-00678,2024-08-03T04:28:48Z,Binance,ETH,SELL,0.468781,2701.98,1.27
H-00679,2024-08-04T03:56:24Z,Binance,ETH,BUY,0.907931,2441.98,2.22
H-00680,2024-08-04T11:07:21Z,Coinbase,SOL,BUY,7.5307,149.123,1.12
H-00681,2024-08-04T21:59:00Z,Coinbase,SOL,SELL,55.6905,119.931,6.68
H-00682,2024-08-05T21:43:30Z,Coinbase,DOGE,SELL,9261.35,0.158701,1.47
H-00683,2024-08-07T06:28:23Z,Coinbase,ETH,BUY,0.605988,2592.58,1.57
H-00684,2024-08-09T15:38:11Z,Binance,ETH,SELL,0.175788,2870.76,0.50
H-00685,2024-08-11T17:55:09Z,Binance,SOL,BUY,4.3999,152.960,0.67
H-00686,2024-08-12T20:43:44Z,Coinbase,ETH,BUY,1.028030,2265.20,2.33
H-00687,2024-08-13T09:11:56Z,Binance,SOL,BUY,14.9241,149.813,2.24
H-00688,2024-08-13T14:19:19Z,Binance,DOGE,SELL,11242.98,0.167739,1.89
H-00689,2024-08-13T16:23:08Z,Binance,DOGE,BUY,8846.67,0.138325,1.22
H-00690,2024-08-13T17:01:10Z,Binance,DOGE,SELL,10357.27,0.158474,1.64
H-00691,2024-08-15T04:31:13Z,Coinbase,ETH,SELL,0.782427,2446.22,1.91
H-00692,2024-08-15T23:04:30Z,Binance,SOL,BUY,1.9888,139.874,0.28
H-00693,2024-08-16T13:24:49Z,Binance,CKB,BUY,237496.40,0.00510109,1.21
H-00694,2024-08-16T18:08:11Z,Binance,ETH,BUY,0.831193,2831.99,2.35
H-00695,2024-08-16T21:33:50Z,Binance,CKB,SELL,274160.75,0.00452274,1.24
H-00696,2024-08-17T21:24:23Z,Binance,CKB,BUY,223645.23,0.00407599,0.91
H-00697,2024-08-19T16:58:48Z,Binance,BTC,BUY,0.02841305,63690.19,1.81
H-00698,2024-08-20T12:58:18Z,Binance,DOGE,BUY,11094.71,0.167481,1.86
H-00699,2024-08-20T17:41:41Z,Binance,CKB,SELL,294767.68,0.00472983,1.39
H-00700,2024-08-21T12:35:31Z,Coinbase,ETH,BUY,0.195636,2915.29,0.57
H-00701,2024-08-22T12:57:37Z,Binance,SOL,BUY,15.2453,128.320,1.96
H-00702,2024-08-22T22:29:33Z,Coinbase,BTC,SELL,0.01156897,81512.19,0.94
H-00703,2024-08-23T09:35:16Z,Binance,CKB,BUY,34556.95,0.00473172,0.16
H-00704,2024-08-23T09:48:46Z,Binance,ETH,BUY,0.469695,2699.46,1.27
H-00705,2024-08-25T07:58:18Z,Binance,DOGE,BUY,4445.02,0.163121,0.73
H-00706,2024-08-25T22:44:58Z,Binance,BTC,SELL,0.09746541,66104.00,6.44
H-00707,2024-08-26T07:16:01Z,Binance,DOGE,BUY,4876.55,0.174578,0.85
H-00708,2024-08-26T20:47:36Z,Coinbase,BTC,BUY,0.00798465,71247.15,0.57
H-00709,2024-08-27T00:09:08Z,Binance,DOGE,BUY,10793.98,0.166263,1.79
H-00710,2024-08-27T10:09:42Z,Coinbase,CKB,SELL,75831.53,0.00503851,0.38
H-00711,2024-08-28T17:39:34Z,Coinbase,BTC,SELL,0.00128562,78866.03,0.10
H-00712,2024-08-29T00:46:18Z,Binance,SOL,BUY,10.0203,138.012,1.38
H-00713,2024-08-29T10:15:35Z,Binance,BTC,BUY,0.03277143,74805.16,2.45
H-00714,2024-08-30T18:38:15Z,Coinbase,CKB,BUY,313106.59,0.00501819,1.57
H-00715,2024-08-31T02:07:21Z,Coinbase,CKB,BUY,184012.00,0.00485701,0.89
H-00716,2024-08-31T03:53:20Z,Coinbase,ETH,BUY,0.480714,2738.70,1.32
H-00717,2024-09-02T16:43:26Z,Binance,CKB,SELL,139982.28,0.00515010,0.72
H-00718,2024-09-03T17:18:13Z,Binance,BTC,BUY,0.02777432,72812.63,2.02
H-00719,2024-09-04T03:49:03Z,Binance,DOGE,SELL,17719.60,0.183696,3.26
H-00720,2024-09-04T13:46:30Z,Binance,ETH,SELL,1.335353,2810.01,3.75
H-00721,2024-09-04T21:09:15Z,Binance,BTC,BUY,0.01224355,77771.56,0.95
H-00722,2024-09-06T06:55:56Z,Coinbase,ETH,BUY,0.872357,2418.15,2.11
H-00723,2024-09-07T04:44:36Z,Coinbase,CKB,BUY,323382.53,0.00515576,1.67
H-00724,2024-09-07T22:28:39Z,Binance,DOGE,BUY,6895.50,0.179364,1.24
H-00725,2024-09-08T04:13:11Z,Coinbase,DOGE,SELL,6428.33,0.150703,0.97
H-00726,2024-09-09T02:07:04Z,Coinbase,SOL,BUY,4.1643,120.277,0.50
H-00727,2024-09-09T23:28:02Z,Coinbase,CKB,BUY,432368.68,0.00492555,2.13
H-00728,2024-09-10T10:39:39Z,Coinbase,ETH,BUY,0.793721,2748.82,2.18
H-00729,2024-09-10T13:27:31Z,Coinbase,BTC,BUY,0.00513264,68965.38,0.35
H-00730,2024-09-10T16:45:06Z,Binance,CKB,BUY,165045.14,0.00521783,0.86
H-00731,2024-09-11T06:26:16Z,Binance,BTC,SELL,0.08462097,71292.09,6.03
H-00732,2024-09-12T02:01:13Z,Coinbase,CKB,SELL,801214.03,0.00533198,4.27
H-00733,2024-09-14T15:30:13Z,Binance,SOL,BUY,17.7190,124.089,2.20
H-00734,2024-09-16T00:12:16Z,Binance,ETH,BUY,0.428888,2866.75,1.23
H-00735,2024-09-16T07:35:55Z,Binance,BTC,BUY,0.00361058,70202.10,0.25
H-00736,2024-09-18T03:09:11Z,Coinbase,SOL,BUY,1.8726,138.006,0.26
H-00737,2024-09-18T19:37:12Z,Coinbase,BTC,BUY,0.01157621,76323.44,0.88
H-00738,2024-09-19T00:08:58Z,Binance,ETH,SELL,0.686219,2444.59,1.68
H-00739,2024-09-21T08:41:40Z,Binance,ETH,BUY,0.073888,2515.35,0.19
H-00740,2024-09-22T12:55:42Z,Binance,ETH,SELL,1.861549,2735.89,5.09
H-00741,2024-09-24T03:59:32Z,Coinbase,ETH,SELL,0.304775,2357.34,0.72
H-00742,2024-09-25T04:12:39Z,Binance,BTC,BUY,0.00417937,66141.41,0.28
H-00743,2024-09-25T15:28:02Z,Coinbase,DOGE,BUY,8952.69,0.181985,1.63
H-00744,2024-09-27T11:40:35Z,Binance,DOGE,SELL,17165.94,0.156067,2.68
H-00745,2024-09-28T10:31:07Z,Coinbase,CKB,BUY,74838.53,0.00492197,0.37
H-00746,2024-09-28T12:26:49Z,Coinbase,BTC,BUY,0.02369078,74228.18,1.76
H-00747,2024-09-29T07:28:38Z,Coinbase,CKB,BUY,152268.19,0.00443899,0.68
H-00748,2024-10-01T10:05:42Z,Coinbase,SOL,BUY,13.1463,136.471,1.79
H-00749,2024-10-02T09:10:14Z,Coinbase,CKB,SELL,480048.21,0.00482248,2.32
H-00750,2024-10-03T04:50:00Z,Coinbase,SOL,SELL,41.6050,145.684,6.06
H-00751,2024-10-03T21:27:06Z,Coinbase,DOGE,BUY,11739.25,0.171409,2.01
H-00752,2024-10-07T20:05:42Z,Coinbase,DOGE,BUY,10034.90,0.160346,1.61
H-00753,2024-10-08T12:14:24Z,Coinbase,CKB,BUY,151038.16,0.00423310,0.64
H-00754,2024-10-08T20:28:55Z,Binance,CKB,BUY,192130.50,0.00496627,0.95
H-00755,2024-10-09T04:19:48Z,Binance,BTC,BUY,0.02239816,81389.97,1.82
H-00756,2024-10-09T14:58:02Z,Coinbase,DOGE,SELL,9811.12,0.169630,1.66
H-00757,2024-10-09T15:43:16Z,Coinbase,BTC,BUY,0.02251625,78207.75,1.76
H-00758,2024-10-12T14:37:17Z,Binance,SOL,SELL,22.7649,142.180,3.24
H-00759,2024-10-13T18:43:51Z,Binance,ETH,SELL,0.498938,2885.06,1.44
H-00760,2024-10-14T00:06:43Z,Coinbase,SOL,BUY,15.0469,134.029,2.02
H-00761,2024-10-14T08:12:20Z,Coinbase,SOL,BUY,9.2863,163.618,1.52
H-00762,2024-10-14T09:47:28Z,Binance,ETH,BUY,0.097429,3044.93,0.30
H-00763,2024-10-14T15:20:55Z,Binance,BTC,SELL,0.04687464,80953.27,3.79
H-00764,2024-10-15T09:54:56Z,Binance,CKB,SELL,227159.25,0.00519300,1.18
H-00765,2024-10-15T20:54:13Z,Binance,ETH,SELL,0.592998,2736.44,1.62
H-00766,2024-10-17T19:09:38Z,Binance,SOL,SELL,43.4439,164.417,7.14
H-00767,2024-10-18T11:11:37Z,Binance,ETH,BUY,0.439017,2946.92,1.29
H-00768,2024-10-18T17:55:46Z,Coinbase,BTC,BUY,0.02995379,68237.21,2.04
H-00769,2024-10-18T19:00:45Z,Coinbase,DOGE,BUY,8967.02,0.150231,1.35
H-00770,2024-10-20T05:04:56Z,Coinbase,CKB,BUY,124732.12,0.00470295,0.59
H-00771,2024-10-20T08:09:26Z,Coinbase,ETH,BUY,0.265870,2944.06,0.78
H-00772,2024-10-22T15:14:23Z,Binance,BTC,BUY,0.01690538,87850.82,1.49
H-00773,2024-10-24T13:52:09Z,Coinbase,DOGE,SELL,22357.60,0.166102,3.71
H-00774,2024-10-25T01:24:32Z,Binance,CKB,BUY,278087.82,0.00496206,1.38
H-00775,2024-10-25T06:04:46Z,Coinbase,CKB,BUY,333204.41,0.00513133,1.71
H-00776,2024-10-25T13:22:10Z,Coinbase,DOGE,BUY,6614.16,0.144740,0.96
H-00777,2024-10-26T00:58:06Z,Coinbase,CKB,BUY,252565.30,0.00495989,1.25
H-00778,2024-10-27T01:20:48Z,Coinbase,SOL,BUY,12.3421,164.140,2.03
H-00779,2024-10-27T14:21:29Z,Coinbase,ETH,BUY,0.967351,2396.99,2.32
H-00780,2024-10-27T15:53:01Z,Coinbase,BTC,BUY,0.01882158,80154.37,1.51
H-00781,2024-10-28T08:18:42Z,Coinbase,DOGE,SELL,22036.21,0.143806,3.17
H-00782,2024-10-29T01:32:28Z,Binance,SOL,BUY,6.3039,128.537,0.81
H-00783,2024-11-01T02:07:31Z,Coinbase,BTC,BUY,0.02865776,79866.98,2.29
H-00784,2024-11-01T20:31:07Z,Coinbase,SOL,BUY,4.8254,158.316,0.76
H-00785,2024-11-03T07:05:19Z,Binance,ETH,SELL,2.219661,3052.87,6.78
H-00786,2024-11-04T00:27:27Z,Coinbase,DOGE,BUY,2689.43,0.190469,0.51
H-00787,2024-11-06T23:24:36Z,Binance,CKB,BUY,131409.04,0.00539671,0.71
H-00788,2024-11-09T00:47:04Z,Binance,ETH,BUY,0.738824,2880.67,2.13
H-00789,2024-11-09T17:08:31Z,Binance,SOL,SELL,5.8839,157.088,0.92
H-00790,2024-11-09T17:44:43Z,Coinbase,CKB,SELL,531285.09,0.00527903,2.80
H-00791,2024-11-09T22:00:59Z,Binance,CKB,BUY,184759.69,0.00482718,0.89
H-00792,2024-11-09T22:50:59Z,Coinbase,BTC,BUY,0.01876475,87821.42,1.65
H-00793,2024-11-09T23:33:37Z,Coinbase,DOGE,SELL,401.10,0.190629,0.08
H-00794,2024-11-10T11:07:27Z,Binance,CKB,BUY,352666.68,0.00541691,1.91
H-00795,2024-11-11T04:42:59Z,Binance,DOGE,SELL,998.63,0.161290,0.16
H-00796,2024-11-11T07:46:37Z,Coinbase,BTC,BUY,0.01820288,76052.31,1.38
H-00797,2024-11-11T12:07:58Z,Binance,ETH,SELL,0.094895,3011.54,0.29
H-00798,2024-11-11T21:31:14Z,Binance,DOGE,SELL,212.74,0.176690,0.04
H-00799,2024-11-11T21:37:57Z,Binance,BTC,BUY,0.00900612,82759.19,0.75
H-00800,2024-11-12T21:39:36Z,Coinbase,CKB,BUY,141424.57,0.00565320,0.80
H-00801,2024-11-13T05:19:38Z,Coinbase,SOL,BUY,2.4631,131.499,0.32
H-00802,2024-11-13T10:17:29Z,Coinbase,CKB,BUY,61070.26,0.00476726,0.29
H-00803,2024-11-13T19:47:53Z,Coinbase,ETH,BUY,0.470286,2776.07,1.31
H-00804,2024-11-15T06:11:20Z,Coinbase,ETH,BUY,0.137066,2953.40,0.40
H-00805,2024-11-15T06:17:06Z,Coinbase,ETH,BUY,0.136568,2926.65,0.40
H-00806,2024-11-15T22:11:17Z,Coinbase,BTC,BUY,0.00467416,67492.10,0.32
H-00807,2024-11-16T00:35:26Z,Binance,BTC,BUY,0.00569418,87775.23,0.50
H-00808,2024-11-16T21:07:23Z,Binance,CKB,BUY,383478.04,0.00468118,1.80
H-00809,2024-11-17T11:45:17Z,Coinbase,DOGE,BUY,10833.86,0.181083,1.96
H-00810,2024-11-18T14:24:13Z,Coinbase,BTC,BUY,0.00198303,79561.06,0.16
H-00811,2024-11-18T17:09:54Z,Binance,BTC,SELL,0.05818766,80208.33,4.67
H-00812,2024-11-19T09:07:35Z,Binance,SOL,SELL,9.6895,148.631,1.44
H-00813,2024-11-20T18:03:32Z,Coinbase,ETH,BUY,0.838783,2889.49,2.42
H-00814,2024-11-24T17:46:00Z,Coinbase,CKB,SELL,2266153.40,0.00566999,12.85
H-00815,2024-11-25T01:38:50Z,Binance,ETH,BUY,0.237224,2545.14,0.60
H-00816,2024-11-26T00:44:52Z,Coinbase,CKB,BUY,410510.26,0.00490350,2.01
H-00817,2024-11-26T19:45:21Z,Binance,CKB,BUY,411575.30,0.00512783,2.11
H-00818,2024-11-27T11:58:41Z,Coinbase,BTC,BUY,0.01251753,75385.39,0.94
H-00819,2024-12-03T02:08:23Z,Binance,BTC,BUY,0.02320141,72691.59,1.69
H-00820,2024-12-03T22:48:21Z,Coinbase,DOGE,BUY,2008.19,0.158988,0.32
H-00821,2024-12-05T14:13:34Z,Binance,BTC,SELL,0.02830917,79051.88,2.24
H-00822,2024-12-05T19:57:57Z,Binance,BTC,SELL,0.07401859,89438.51,6.62
H-00823,2024-12-05T20:42:27Z,Binance,BTC,BUY,0.02195197,70526.55,1.55
H-00824,2024-12-07T04:20:57Z,Coinbase,ETH,BUY,0.729845,2818.51,2.06
H-00825,2024-12-08T08:34:27Z,Coinbase,SOL,BUY,13.2698,132.452,1.76
H-00826,2024-12-08T11:15:08Z,Binance,ETH,SELL,3.193701,3114.12,9.95
H-00827,2024-12-09T11:43:18Z,Binance,CKB,SELL,321429.62,0.00461908,1.48
H-00828,2024-12-09T23:53:18Z,Binance,BTC,SELL,0.04907759,87020.08,4.27
H-00829,2024-12-10T19:30:39Z,Coinbase,BTC,BUY,0.03408835,68246.83,2.33
H-00830,2024-12-11T10:43:48Z,Binance,CKB,BUY,370044.55,0.00543655,2.01
H-00831,2024-12-11T20:08:19Z,Coinbase,ETH,BUY,0.304505,2583.64,0.79
H-00832,2024-12-11T21:05:24Z,Binance,CKB,BUY,118232.93,0.00473802,0.56
H-00833,2024-12-13T01:56:31Z,Coinbase,CKB,BUY,67100.24,0.00531816,0.36
H-00834,2024-12-13T11:27:22Z,Coinbase,SOL,SELL,13.9043,146.431,2.04
H-00835,2024-12-13T23:51:56Z,Binance,DOGE,BUY,7104.26,0.174671,1.24
H-00836,2024-12-14T04:30:26Z,Coinbase,SOL,SELL,5.4055,130.040,0.70
H-00837,2024-12-14T21:22:35Z,Coinbase,ETH,SELL,0.062361,2604.67,0.16
H-00838,2024-12-16T02:34:25Z,Binance,SOL,BUY,14.3989,155.685,2.24
H-00839,2024-12-16T06:36:18Z,Coinbase,BTC,BUY,0.00621085,90701.83,0.56
H-00840,2024-12-16T10:48:33Z,Coinbase,DOGE,BUY,14583.84,0.154516,2.25
H-00841,2024-12-18T05:50:37Z,Binance,CKB,SELL,277806.67,0.00470016,1.31
H-00842,2024-12-18T20:44:17Z,Coinbase,ETH,SELL,0.081238,3117.83,0.25
H-00843,2024-12-19T02:01:04Z,Coinbase,BTC,BUY,0.00544639,90080.15,0.49
H-00844,2024-12-19T05:10:00Z,Coinbase,ETH,BUY,0.167295,2812.70,0.47
H-00845,2024-12-21T19:34:46Z,Binance,SOL,BUY,3.2622,137.620,0.45
H-00846,2024-12-22T06:50:49Z,Binance,SOL,BUY,15.9725,134.693,2.15
H-00847,2024-12-22T08:12:51Z,Binance,SOL,SELL,21.8763,138.480,3.03
H-00848,2024-12-22T08:44:19Z,Binance,DOGE,SELL,12270.45,0.200230,2.46
H-00849,2024-12-23T08:17:43Z,Binance,DOGE,SELL,12515.43,0.174225,2.18
H-00850,2024-12-24T04:24:21Z,Binance,SOL,BUY,4.5319,148.427,0.67
H-00851,2024-12-24T18:59:43Z,Binance,DOGE,SELL,5050.68,0.196837,0.99
H-00852,2024-12-24T23:39:46Z,Binance,CKB,BUY,243366.20,0.00524429,1.28
H-00853,2024-12-25T06:22:22Z,Coinbase,CKB,BUY,66529.93,0.00518962,0.35
H-00854,2024-12-25T08:19:13Z,Binance,ETH,BUY,0.324619,2603.38,0.85
H-00855,2024-12-25T09:59:28Z,Binance,BTC,BUY,0.01075402,80562.03,0.87
H-00856,2024-12-25T14:38:20Z,Binance,CKB,BUY,92526.95,0.00514192,0.48
H-00857,2024-12-27T21:06:38Z,Coinbase,SOL,SELL,6.0273,157.650,0.95
H-00858,2024-12-29T02:48:20Z,Binance,DOGE,SELL,2142.13,0.151715,0.32
H-00859,2024-12-29T15:00:13Z,Coinbase,BTC,BUY,0.01114116,84271.53,0.94
H-00860,2024-12-30T11:14:28Z,Coinbase,BTC,BUY,0.01403736,71889.49,1.01
H-00861,2024-12-30T13:46:45Z,Coinbase,SOL,SELL,2.9510,137.378,0.41
H-00862,2024-12-31T02:24:09Z,Binance,ETH,BUY,0.563206,2974.47,1.68
H-00863,2024-12-31T11:26:59Z,Coinbase,ETH,BUY,0.812402,2782.05,2.26
H-00864,2025-01-01T22:59:10Z,Binance,SOL,BUY,7.7667,132.117,1.03
H-00865,2025-01-03T19:28:50Z,Coinbase,CKB,BUY,313267.24,0.00556721,1.74
H-00866,2025-01-04T11:23:46Z,Binance,CKB,BUY,373773.65,0.00543049,2.03
H-00867,2025-01-04T12:00:58Z,Binance,ETH,SELL,0.495314,3296.88,1.63
H-00868,2025-01-04T14:10:29Z,Binance,BTC,SELL,0.02496613,73508.29,1.84
H-00869,2025-01-05T10:36:09Z,Coinbase,SOL,BUY,11.7613,149.103,1.75
H-00870,2025-01-05T11:04:41Z,Binance,SOL,SELL,3.4593,149.270,0.52
H-00871,2025-01-05T21:11:13Z,Coinbase,DOGE,SELL,954.83,0.185275,0.18
H-00872,2025-01-06T12:05:31Z,Binance,CKB,BUY,93127.65,0.00494045,0.46
H-00873,2025-01-10T22:14:44Z,Coinbase,SOL,SELL,4.8246,141.021,0.68
H-00874,2025-01-11T02:10:40Z,Binance,CKB,SELL,374791.37,0.00598951,2.24
H-00875,2025-01-11T05:50:15Z,Binance,ETH,BUY,0.159399,2664.74,0.42
H-00876,2025-01-11T16:49:57Z,Binance,CKB,BUY,119285.91,0.00489217,0.58
H-00877,2025-01-12T12:55:29Z,Binance,SOL,BUY,2.8298,175.869,0.50
H-00878,2025-01-12T16:05:08Z,Coinbase,DOGE,BUY,13774.94,0.167915,2.31
H-00879,2025-01-13T03:22:31Z,Coinbase,ETH,SELL,0.631431,3369.78,2.13
H-00880,2025-01-13T22:32:49Z,Binance,SOL,BUY,5.4398,152.780,0.83
H-00881,2025-01-14T21:04:33Z,Coinbase,DOGE,SELL,16448.53,0.191124,3.14
H-00882,2025-01-15T08:53:15Z,Coinbase,BTC,SELL,0.05128933,73523.81,3.77
H-00883,2025-01-15T10:23:08Z,Binance,SOL,BUY,2.0642,135.322,0.28
H-00884,2025-01-15T19:15:51Z,Binance,SOL,BUY,2.4721,140.138,0.35
H-00885,2025-01-16T12:12:24Z,Binance,DOGE,BUY,7511.08,0.173423,1.30
H-00886,2025-01-17T02:51:43Z,Coinbase,SOL,BUY,12.2466,149.635,1.83
H-00887,2025-01-17T07:43:32Z,Binance,SOL,SELL,18.2376,131.808,2.40
H-00888,2025-01-18T00:02:57Z,Binance,CKB,BUY,198301.03,0.00568168,1.13
H-00889,2025-01-18T00:09:20Z,Binance,CKB,BUY,198432.02,0.00566116,1.12
H-00890,2025-01-19T03:23:01Z,Coinbase,ETH,BUY,0.464623,2723.37,1.27
H-00891,2025-01-20T10:19:46Z,Coinbase,BTC,SELL,0.04726091,93533.54,4.42
H-00892,2025-01-20T10:35:56Z,Binance,CKB,BUY,258009.56,0.00479045,1.24
H-00893,2025-01-20T23:55:54Z,Binance,ETH,BUY,0.386706,2707.89,1.05
H-00894,2025-01-22T04:37:56Z,Coinbase,SOL,BUY,5.0666,170.567,0.86
H-00895,2025-01-22T22:02:54Z,Coinbase,ETH,SELL,0.988949,2569.08,2.54
H-00896,2025-01-24T09:19:26Z,Coinbase,BTC,BUY,0.02587531,86870.97,2.25
H-00897,2025-01-25T11:05:23Z,Coinbase,ETH,SELL,0.923462,2992.87,2.76
H-00898,2025-01-25T13:10:14Z,Coinbase,CKB,BUY,50128.97,0.00612028,0.31
H-00899,2025-01-25T19:50:32Z,Binance,DOGE,BUY,4272.31,0.176975,0.76
H-00900,2025-01-26T03:56:06Z,Binance,SOL,BUY,9.6222,156.084,1.50
H-00901,2025-01-27T15:36:36Z,Binance,DOGE,BUY,5749.06,0.156765,0.90
H-00902,2025-01-27T19:23:30Z,Coinbase,SOL,BUY,5.6494,139.976,0.79
H-00903,2025-01-29T01:10:02Z,Binance,BTC,BUY,0.01785796,78093.43,1.39
H-00904,2025-01-29T14:45:10Z,Binance,ETH,BUY,0.479235,3249.12,1.56
H-00905,2025-01-29T23:55:57Z,Coinbase,DOGE,BUY,5210.56,0.171401,0.89
H-00906,2025-01-31T03:11:45Z,Binance,SOL,SELL,25.5978,164.800,4.22
H-00907,2025-02-02T10:55:25Z,Coinbase,ETH,BUY,0.338165,3035.75,1.03
H-00908,2025-02-03T03:37:44Z,Binance,ETH,SELL,0.448367,2660.63,1.19
H-00909,2025-02-04T01:42:40Z,Binance,CKB,BUY,62099.35,0.00530667,0.33
H-00910,2025-02-04T09:13:24Z,Coinbase,CKB,SELL,1468019.71,0.00512704,7.53
H-00911,2025-02-05T12:08:15Z,Binance,ETH,BUY,0.067633,3217.16,0.22
H-00912,2025-02-05T15:23:38Z,Binance,ETH,SELL,0.436666,3350.92,1.46
H-00913,2025-02-06T01:08:34Z,Coinbase,BTC,SELL,0.04373327,81985.70,3.59
H-00914,2025-02-06T02:58:12Z,Binance,CKB,BUY,86918.57,0.00464079,0.40
H-00915,2025-02-06T09:24:09Z,Binance,CKB,SELL,520794.49,0.00476510,2.48
H-00916,2025-02-06T21:56:35Z,Coinbase,DOGE,SELL,3306.60,0.166073,0.55
H-00917,2025-02-09T00:50:00Z,Binance,DOGE,BUY,3027.94,0.174148,0.53
H-00918,2025-02-09T13:33:17Z,Binance,DOGE,BUY,2054.16,0.186401,0.38
H-00919,2025-02-09T14:09:06Z,Binance,DOGE,SELL,9036.62,0.167059,1.51
H-00920,2025-02-09T16:42:17Z,Coinbase,ETH,BUY,0.628879,3419.65,2.15
H-00921,2025-02-11T04:49:38Z,Binance,SOL,BUY,3.5065,166.847,0.59
H-00922,2025-02-12T07:38:20Z,Binance,ETH,BUY,0.733491,3348.45,2.46
H-00923,2025-02-12T23:48:19Z,Binance,CKB,SELL,570388.45,0.00478007,2.73
H-00924,2025-02-13T05:52:01Z,Binance,CKB,BUY,309537.04,0.00583490,1.81
H-00925,2025-02-13T19:04:47Z,Coinbase,BTC,BUY,0.00527175,80039.44,0.42
H-00926,2025-02-15T04:52:47Z,Coinbase,CKB,BUY,158260.64,0.00558077,0.88
H-00927,2025-02-15T06:58:35Z,Binance,ETH,BUY,0.268732,3099.31,0.83
H-00928,2025-02-15T08:49:18Z,Coinbase,BTC,BUY,0.02154167,94501.75,2.04
H-00929,2025-02-15T16:28:52Z,Coinbase,ETH,BUY,0.665751,2604.99,1.73
H-00930,2025-02-15T20:54:43Z,Binance,CKB,SELL,209348.14,0.00545730,1.14
H-00931,2025-02-15T23:30:25Z,Binance,ETH,SELL,1.367387,2653.13,3.63
H-00932,2025-02-16T12:19:59Z,Coinbase,ETH,SELL,0.363383,3362.57,1.22
H-00933,2025-02-16T17:50:07Z,Coinbase,CKB,BUY,330769.61,0.00518999,1.72
H-00934,2025-02-17T09:06:41Z,Binance,DOGE,SELL,5397.56,0.171494,0.93
H-00935,2025-02-17T18:31:10Z,Coinbase,BTC,SELL,0.01571364,74485.93,1.17
H-00936,2025-02-18T01:12:08Z,Binance,DOGE,BUY,2628.03,0.193655,0.51
H-00937,2025-02-18T05:32:07Z,Coinbase,BTC,BUY,0.01545305,88777.29,1.37
H-00938,2025-02-19T19:27:47Z,Coinbase,ETH,BUY,0.459755,2871.23,1.32
H-00939,2025-02-21T16:51:51Z,Coinbase,DOGE,SELL,7086.75,0.186877,1.32
H-00940,2025-02-22T16:29:36Z,Binance,CKB,BUY,200999.36,0.00514624,1.03
H-00941,2025-02-25T05:09:29Z,Binance,ETH,SELL,0.354673,3125.97,1.11
H-00942,2025-02-25T08:54:40Z,Coinbase,SOL,SELL,12.0144,169.547,2.04
H-00943,2025-02-25T21:31:31Z,Coinbase,CKB,SELL,312549.25,0.00556507,1.74
H-00944,2025-02-26T19:43:37Z,Binance,DOGE,SELL,5625.61,0.194833,1.10
H-00945,2025-02-28T03:49:00Z,Binance,ETH,BUY,0.285912,3392.16,0.97
H-00946,2025-02-28T19:59:43Z,Coinbase,SOL,BUY,7.5099,153.950,1.16
H-00947,2025-02-28T20:23:47Z,Binance,SOL,SELL,3.3386,138.426,0.46
H-00948,2025-03-01T07:07:00Z,Binance,SOL,BUY,3.8865,141.254,0.55
H-00949,2025-03-02T08:37:24Z,Coinbase,CKB,BUY,199045.48,0.00574146,1.14
H-00950,2025-03-03T03:59:00Z,Coinbase,SOL,SELL,9.2370,136.945,1.26
H-00951,2025-03-05T08:21:40Z,Binance,DOGE,BUY,7935.20,0.163530,1.30
H-00952,2025-03-05T17:03:54Z,Binance,SOL,BUY,12.8463,160.118,2.06
H-00953,2025-03-05T20:02:45Z,Binance,DOGE,SELL,4658.39,0.174855,0.81
H-00954,2025-03-05T20:50:58Z,Binance,DOGE,SELL,1645.95,0.170091,0.28
H-00955,2025-03-06T07:30:53Z,Binance,DOGE,SELL,550.63,0.163485,0.09
H-00956,2025-03-07T08:25:10Z,Coinbase,SOL,SELL,8.7312,174.712,1.53
H-00957,2025-03-07T09:05:32Z,Binance,ETH,BUY,0.245320,3018.39,0.74
H-00958,2025-03-07T11:39:07Z,Coinbase,BTC,SELL,0.01142842,89119.83,1.02
H-00959,2025-03-07T13:08:20Z,Coinbase,SOL,BUY,7.7217,181.552,1.40
H-00960,2025-03-07T19:56:29Z,Coinbase,DOGE,SELL,237.85,0.198999,0.05
H-00961,2025-03-08T08:28:39Z,Binance,CKB,BUY,405180.07,0.00535919,2.17
H-00962,2025-03-08T11:08:43Z,Binance,CKB,SELL,235923.30,0.00512282,1.21
H-00963,2025-03-10T02:07:49Z,Coinbase,BTC,BUY,0.00279468,76969.48,0.22
H-00964,2025-03-10T14:14:02Z,Binance,CKB,BUY,451417.82,0.00549278,2.48
H-00965,2025-03-10T16:04:24Z,Binance,ETH,SELL,0.516232,2788.49,1.44
H-00966,2025-03-10T19:30:48Z,Coinbase,BTC,SELL,0.00254388,98020.94,0.25
H-00967,2025-03-11T06:34:03Z,Binance,BTC,SELL,0.00223176,96423.33,0.22
H-00968,2025-03-12T13:03:46Z,Coinbase,ETH,BUY,0.682624,2748.26,1.88
H-00969,2025-03-12T22:07:21Z,Coinbase,CKB,SELL,343344.95,0.00616450,2.12
H-00970,2025-03-13T19:14:13Z,Coinbase,ETH,SELL,0.324778,3520.15,1.14
H-00971,2025-03-14T16:36:03Z,Binance,SOL,BUY,1.5726,178.958,0.28
H-00972,2025-03-14T22:01:48Z,Binance,SOL,SELL,13.8555,163.631,2.27
H-00973,2025-03-15T04:19:30Z,Binance,SOL,SELL,7.9014,160.248,1.27
H-00974,2025-03-16T01:20:54Z,Coinbase,BTC,SELL,0.00334677,91338.09,0.31
H-00975,2025-03-17T08:54:53Z,Binance,BTC,BUY,0.00807309,87388.73,0.71
H-00976,2025-03-17T20:01:27Z,Coinbase,CKB,SELL,456351.83,0.00625924,2.86
H-00977,2025-03-18T05:21:56Z,Coinbase,ETH,BUY,0.152142,3460.80,0.53
H-00978,2025-03-18T15:43:35Z,Coinbase,CKB,SELL,172124.94,0.00603304,1.04
H-00979,2025-03-19T02:18:35Z,Binance,SOL,BUY,12.8143,172.494,2.21
H-00980,2025-03-19T16:01:28Z,Coinbase,SOL,BUY,6.0184,162.312,0.98
H-00981,2025-03-22T05:08:53Z,Binance,CKB,BUY,329350.58,0.00589233,1.94
H-00982,2025-03-22T15:40:30Z,Coinbase,CKB,BUY,77599.99,0.00605434,0.47
H-00983,2025-03-22T19:09:19Z,Binance,SOL,SELL,12.2061,166.085,2.03
H-00984,2025-03-22T21:35:14Z,Coinbase,DOGE,SELL,393.89,0.199002,0.08
H-00985,2025-03-23T03:45:01Z,Binance,ETH,BUY,0.631895,3312.11,2.09
H-00986,2025-03-23T08:00:58Z,Binance,BTC,BUY,0.00682154,84649.46,0.58
H-00987,2025-03-23T09:43:24Z,Binance,BTC,BUY,0.02353139,98562.57,2.32
H-00988,2025-03-23T17:53:54Z,Binance,BTC,BUY,0.00620477,99266.51,0.62
H-00989,2025-03-24T18:55:01Z,Coinbase,BTC,SELL,0.05442747,84392.09,4.59
H-00990,2025-03-26T11:56:29Z,Coinbase,ETH,BUY,0.119413,3565.55,0.43
H-00991,2025-03-27T01:34:03Z,Coinbase,CKB,SELL,419752.08,0.00613546,2.58
H-00992,2025-03-28T02:09:52Z,Binance,SOL,BUY,5.9844,175.102,1.05
H-00993,2025-03-28T12:39:34Z,Binance,DOGE,BUY,12050.67,0.173153,2.09
H-00994,2025-03-29T02:19:36Z,Coinbase,CKB,SELL,68102.57,0.00505903,0.34
H-00995,2025-03-30T04:23:11Z,Binance,ETH,BUY,0.580349,3029.26,1.76
H-00996,2025-03-30T07:52:41Z,Binance,CKB,BUY,182490.97,0.00498451,0.91
H-00997,2025-03-30T23:36:25Z,Binance,CKB,SELL,427154.50,0.00595402,2.54
H-00998,2025-03-31T03:15:27Z,Coinbase,BTC,BUY,0.00845506,83012.74,0.70
H-00999,2025-03-31T14:18:35Z,Binance,DOGE,BUY,11282.31,0.214756,2.42
H-01000,2025-03-31T21:32:31Z,Binance,BTC,SELL,0.00241350,80982.83,0.20
H-01001,2025-04-01T04:35:45Z,Coinbase,DOGE,BUY,3200.87,0.171574,0.55
H-01002,2025-04-02T09:55:54Z,Coinbase,CKB,BUY,179354.04,0.00499401,0.90
H-01003,2025-04-03T13:37:46Z,Coinbase,ETH,BUY,0.301866,2935.69,0.89
H-01004,2025-04-04T06:27:11Z,Coinbase,SOL,SELL,7.7260,176.125,1.36
H-01005,2025-04-04T17:42:33Z,Binance,DOGE,SELL,13001.11,0.179666,2.34
H-01006,2025-04-04T17:49:57Z,Binance,DOGE,BUY,8051.80,0.210504,1.69
H-01007,2025-04-05T01:39:34Z,Coinbase,ETH,SELL,1.281791,2832.83,3.63
H-01008,2025-04-05T04:25:47Z,Coinbase,BTC,SELL,0.00274598,100762.41,0.28
H-01009,2025-04-05T15:38:09Z,Binance,CKB,BUY,380659.02,0.00561584,2.14
H-01010,2025-04-07T09:08:44Z,Coinbase,SOL,SELL,3.9979,144.287,0.58
H-01011,2025-04-08T02:22:00Z,Binance,DOGE,BUY,7159.03,0.213205,1.53
H-01012,2025-04-08T07:48:40Z,Binance,DOGE,BUY,2786.16,0.206139,0.57
H-01013,2025-04-09T14:02:15Z,Coinbase,CKB,SELL,246584.79,0.00594395,1.47
H-01014,2025-04-09T19:44:11Z,Binance,SOL,BUY,14.1074,169.086,2.39
H-01015,2025-04-10T15:57:51Z,Coinbase,BTC,BUY,0.02729318,77020.83,2.10
H-01016,2025-04-10T23:05:36Z,Coinbase,SOL,BUY,0.9659,169.422,0.16
H-01017,2025-04-12T03:02:06Z,Binance,SOL,BUY,13.3635,187.045,2.50
H-01018,2025-04-13T15:45:33Z,Coinbase,ETH,SELL,0.730447,3534.52,2.58
H-01019,2025-04-14T01:44:23Z,Coinbase,BTC,BUY,0.00663635,85638.31,0.57
H-01020,2025-04-17T18:20:33Z,Binance,BTC,SELL,0.01576796,75823.25,1.20
H-01021,2025-04-18T12:35:20Z,Coinbase,BTC,BUY,0.02441321,83257.62,2.03
H-01022,2025-04-19T12:53:16Z,Binance,DOGE,BUY,10012.58,0.171182,1.71
H-01023,2025-04-20T15:18:08Z,Coinbase,CKB,SELL,45481.94,0.00559819,0.25
H-01024,2025-04-21T02:05:36Z,Binance,SOL,BUY,6.8154,171.691,1.17
H-01025,2025-04-22T04:13:54Z,Coinbase,DOGE,SELL,7454.83,0.183695,1.37
H-01026,2025-04-22T09:33:20Z,Coinbase,DOGE,SELL,19119.25,0.200380,3.83
H-01027,2025-04-22T19:05:10Z,Binance,SOL,BUY,3.0281,148.708,0.45
H-01028,2025-04-22T23:21:56Z,Binance,DOGE,BUY,7871.82,0.188782,1.49
H-01029,2025-04-24T01:33:51Z,Coinbase,DOGE,SELL,8948.37,0.170390,1.52
H-01030,2025-04-24T10:00:48Z,Binance,SOL,BUY,2.2190,154.193,0.34
H-01031,2025-04-24T10:02:45Z,Coinbase,CKB,SELL,267946.33,0.00515872,1.38
H-01032,2025-04-24T23:02:15Z,Coinbase,SOL,BUY,7.1361,170.856,1.22
H-01033,2025-04-26T00:25:31Z,Coinbase,SOL,SELL,26.0051,189.962,4.94
H-01034,2025-04-27T09:10:44Z,Coinbase,BTC,SELL,0.04587036,87428.32,4.01
H-01035,2025-04-28T00:00:02Z,Coinbase,CKB,BUY,362139.86,0.00605190,2.19
H-01036,2025-04-28T10:30:51Z,Coinbase,SOL,SELL,12.8711,172.865,2.22
H-01037,2025-04-28T21:47:15Z,Binance,SOL,SELL,7.1876,146.331,1.05
H-01038,2025-04-28T23:30:08Z,Binance,BTC,BUY,0.02053924,81515.41,1.67
H-01039,2025-04-29T00:32:28Z,Binance,CKB,BUY,343127.15,0.00631470,2.17
H-01040,2025-04-30T04:10:47Z,Binance,SOL,BUY,2.7575,180.670,0.50
H-01041,2025-04-30T15:06:54Z,Coinbase,ETH,BUY,0.521402,3617.43,1.89
H-01042,2025-05-01T12:02:39Z,Coinbase,CKB,SELL,363018.83,0.00491065,1.78
H-01043,2025-05-01T14:32:51Z,Coinbase,BTC,BUY,0.00460199,85019.55,0.39
H-01044,2025-05-02T11:08:44Z,Coinbase,CKB,BUY,296770.14,0.00634206,1.88
H-01045,2025-05-02T13:17:03Z,Coinbase,BTC,BUY,0.01448702,89206.55,1.29
H-01046,2025-05-03T20:51:59Z,Coinbase,ETH,BUY,0.404101,3443.51,1.39
H-01047,2025-05-03T21:38:26Z,Coinbase,DOGE,BUY,13298.36,0.169063,2.25
H-01048,2025-05-05T06:22:37Z,Coinbase,BTC,SELL,0.00437510,89581.84,0.39
H-01049,2025-05-06T15:36:14Z,Coinbase,ETH,BUY,0.367208,3212.24,1.18
H-01050,2025-05-07T02:01:12Z,Coinbase,DOGE,BUY,8488.48,0.215671,1.83
H-01051,2025-05-07T21:04:55Z,Coinbase,CKB,BUY,321314.04,0.00655975,2.11
H-01052,2025-05-07T23:43:00Z,Coinbase,CKB,BUY,339723.93,0.00628348,2.13
H-01053,2025-05-09T11:11:25Z,Coinbase,BTC,SELL,0.00530390,94510.92,0.50
H-01054,2025-05-09T16:25:26Z,Coinbase,CKB,SELL,1300056.29,0.00543224,7.06
H-01055,2025-05-11T15:20:07Z,Binance,SOL,BUY,3.1580,177.513,0.56
H-01056,2025-05-13T02:22:47Z,Coinbase,BTC,SELL,0.01027806,85848.16,0.88
H-01057,2025-05-14T04:47:07Z,Binance,SOL,BUY,10.7364,182.531,1.96
H-01058,2025-05-14T09:10:11Z,Binance,DOGE,SELL,18045.20,0.202178,3.65
H-01059,2025-05-15T12:41:25Z,Binance,BTC,BUY,0.01614322,98040.59,1.58
H-01060,2025-05-17T10:57:18Z,Binance,DOGE,BUY,2346.59,0.169487,0.40
H-01061,2025-05-17T15:12:10Z,Coinbase,SOL,BUY,5.5073,151.888,0.84
H-01062,2025-05-19T12:15:52Z,Binance,BTC,BUY,0.01236460,81262.75,1.00
H-01063,2025-05-20T06:46:16Z,Binance,ETH,BUY,0.350555,3214.94,1.13
H-01064,2025-05-21T03:37:15Z,Binance,CKB,BUY,241132.25,0.00554386,1.34
H-01065,2025-05-22T16:28:04Z,Coinbase,SOL,SELL,5.4526,163.431,0.89
H-01066,2025-05-24T03:29:38Z,Coinbase,ETH,BUY,0.395489,2927.35,1.16
H-01067,2025-05-25T01:00:38Z,Binance,DOGE,SELL,20428.40,0.215039,4.39
H-01068,2025-05-25T03:00:55Z,Coinbase,DOGE,BUY,1559.85,0.223886,0.35
H-01069,2025-05-25T20:44:54Z,Binance,CKB,SELL,103708.11,0.00668550,0.69
H-01070,2025-05-25T23:35:07Z,Coinbase,DOGE,BUY,9530.21,0.171484,1.63
H-01071,2025-05-27T18:53:50Z,Coinbase,CKB,BUY,308258.66,0.00567720,1.75
H-01072,2025-05-28T15:02:38Z,Coinbase,SOL,SELL,14.3205,191.623,2.74
H-01073,2025-05-28T15:44:40Z,Coinbase,CKB,BUY,366197.65,0.00610548,2.24
H-01074,2025-05-28T17:49:57Z,Binance,SOL,BUY,10.4268,190.536,1.99
H-01075,2025-05-28T21:13:07Z,Coinbase,SOL,SELL,11.6996,149.413,1.75
H-01076,2025-05-29T12:35:37Z,Binance,ETH,BUY,0.499871,2894.14,1.45
H-01077,2025-05-30T12:07:25Z,Binance,BTC,BUY,0.02577455,78449.76,2.02
H-01078,2025-05-31T08:01:12Z,Coinbase,SOL,SELL,9.9688,182.626,1.82
H-01079,2025-05-31T12:31:01Z,Binance,SOL,BUY,5.5367,177.545,0.98
H-01080,2025-06-03T01:56:52Z,Binance,BTC,SELL,0.01612547,90221.87,1.45
H-01081,2025-06-03T11:14:01Z,Binance,SOL,BUY,10.6617,161.069,1.72
H-01082,2025-06-06T06:53:52Z,Coinbase,CKB,SELL,415213.01,0.00592426,2.46
H-01083,2025-06-07T17:07:46Z,Binance,CKB,BUY,351497.23,0.00518455,1.82
H-01084,2025-06-08T09:32:19Z,Coinbase,BTC,BUY,0.02800927,79902.00,2.24
H-01085,2025-06-09T17:26:37Z,Coinbase,BTC,BUY,0.01567583,88461.05,1.39
H-01086,2025-06-11T13:15:35Z,Coinbase,SOL,BUY,9.3105,176.755,1.65
H-01087,2025-06-13T00:37:33Z,Binance,CKB,SELL,123217.18,0.00649305,0.80
H-01088,2025-06-13T14:51:52Z,Binance,ETH,SELL,1.882244,3288.40,6.19
H-01089,2025-06-14T08:49:17Z,Binance,DOGE,SELL,4007.82,0.221691,0.89
H-01090,2025-06-15T04:22:27Z,Binance,SOL,SELL,25.5089,162.730,4.15
H-01091,2025-06-16T16:02:07Z,Coinbase,ETH,BUY,0.314826,3624.63,1.14
H-01092,2025-06-18T19:27:56Z,Coinbase,SOL,BUY,13.0905,158.508,2.07
H-01093,2025-06-19T01:06:37Z,Coinbase,BTC,BUY,0.01179415,82186.93,0.97
H-01094,2025-06-19T12:07:42Z,Coinbase,CKB,BUY,243507.28,0.00607598,1.48
H-01095,2025-06-20T18:54:58Z,Coinbase,CKB,SELL,868454.77,0.00654824,5.69
H-01096,2025-06-21T02:45:08Z,Coinbase,CKB,BUY,80003.12,0.00625112,0.50
H-01097,2025-06-23T23:52:48Z,Binance,BTC,BUY,0.01688236,101382.79,1.71
H-01098,2025-06-26T00:52:39Z,Coinbase,CKB,BUY,45326.53,0.00568489,0.26
H-01099,2025-06-26T05:53:24Z,Coinbase,SOL,BUY,12.0159,181.842,2.18
H-01100,2025-06-28T17:06:16Z,Binance,DOGE,SELL,2626.92,0.211383,0.56
H-01101,2025-06-30T16:20:18Z,Binance,DOGE,BUY,9373.67,0.204169,1.91
H-01102,2025-06-30T22:48:45Z,Coinbase,BTC,BUY,0.01429674,97915.30,1.40
H-01103,2025-07-02T21:01:04Z,Coinbase,ETH,BUY,0.579401,3120.81,1.81
H-01104,2025-07-03T15:36:39Z,Binance,BTC,BUY,0.01540979,102279.73,1.58
H-01105,2025-07-03T18:12:15Z,Coinbase,CKB,BUY,30738.23,0.00665844,0.20
H-01106,2025-07-04T01:49:03Z,Binance,BTC,SELL,0.15989623,103792.41,16.60
H-01107,2025-07-04T02:01:54Z,Coinbase,DOGE,SELL,13828.99,0.183092,2.53
H-01108,2025-07-04T03:18:56Z,Binance,CKB,BUY,45570.16,0.00632974,0.29
H-01109,2025-07-06T12:43:31Z,Binance,BTC,BUY,0.00851615,99852.27,0.85
H-01110,2025-07-06T14:10:56Z,Binance,SOL,SELL,13.8023,156.673,2.16
H-01111,2025-07-07T22:52:54Z,Binance,ETH,SELL,0.834051,3126.26,2.61
H-01112,2025-07-08T17:34:20Z,Coinbase,SOL,BUY,8.1414,152.595,1.24
H-01113,2025-07-08T17:59:58Z,Coinbase,BTC,BUY,0.00765209,91385.53,0.70
H-01114,2025-07-08T18:10:40Z,Binance,DOGE,BUY,7472.84,0.232372,1.74
H-01115,2025-07-11T10:27:23Z,Coinbase,DOGE,BUY,2082.95,0.213684,0.45
H-01116,2025-07-11T23:34:17Z,Binance,BTC,BUY,0.01275079,103994.82,1.33
H-01117,2025-07-12T00:01:56Z,Coinbase,SOL,SELL,11.2915,178.305,2.01
H-01118,2025-07-12T02:10:55Z,Coinbase,BTC,BUY,0.01550257,80111.36,1.24
H-01119,2025-07-12T12:51:56Z,Coinbase,ETH,BUY,0.810324,2892.35,2.34
H-01120,2025-07-13T03:42:17Z,Binance,CKB,SELL,48525.33,0.00695168,0.34
H-01121,2025-07-14T01:11:24Z,Binance,DOGE,SELL,9555.79,0.208642,1.99
H-01122,2025-07-14T04:27:48Z,Binance,DOGE,BUY,9403.80,0.235432,2.21
H-01123,2025-07-15T00:32:24Z,Coinbase,DOGE,BUY,9916.19,0.205203,2.03
H-01124,2025-07-15T02:19:01Z,Binance,SOL,SELL,2.1267,201.955,0.43
H-01125,2025-07-15T10:56:43Z,Binance,CKB,BUY,133802.99,0.00688979,0.92
H-01126,2025-07-15T15:44:21Z,Coinbase,BTC,SELL,0.01678672,97534.06,1.64
H-01127,2025-07-16T06:31:47Z,Binance,CKB,BUY,326361.31,0.00612869,2.00
H-01128,2025-07-16T16:05:53Z,Binance,DOGE,BUY,11943.69,0.176277,2.11
H-01129,2025-07-16T18:24:55Z,Coinbase,SOL,BUY,5.1266,201.789,1.03
H-01130,2025-07-16T21:30:27Z,Binance,ETH,BUY,0.547350,3759.74,2.06
H-01131,2025-07-16T22:34:43Z,Coinbase,CKB,SELL,293888.78,0.00582666,1.71
H-01132,2025-07-16T22:59:59Z,Coinbase,ETH,SELL,0.627865,2992.89,1.88
H-01133,2025-07-17T19:58:18Z,Binance,SOL,BUY,8.5889,152.309,1.31
H-01134,2025-07-18T02:20:04Z,Coinbase,BTC,SELL,0.01062702,85987.01,0.91
H-01135,2025-07-18T03:50:09Z,Binance,ETH,BUY,0.490287,3468.62,1.70
H-01136,2025-07-18T04:41:31Z,Coinbase,BTC,SELL,0.00897572,97122.42,0.87
H-01137,2025-07-18T18:34:44Z,Coinbase,ETH,BUY,0.054149,3773.43,0.20
H-01138,2025-07-19T10:32:20Z,Binance,DOGE,BUY,674.60,0.229165,0.15
H-01139,2025-07-21T06:30:08Z,Coinbase,SOL,SELL,6.5801,173.728,1.14
H-01140,2025-07-21T21:21:19Z,Coinbase,DOGE,SELL,9901.86,0.221894,2.20
H-01141,2025-07-21T22:00:34Z,Binance,SOL,SELL,1.4833,151.061,0.22
H-01142,2025-07-22T20:38:00Z,Binance,CKB,SELL,41974.66,0.00692335,0.29
H-01143,2025-07-23T04:32:28Z,Coinbase,BTC,BUY,0.02170947,94379.95,2.05
H-01144,2025-07-24T19:09:30Z,Binance,SOL,BUY,7.6880,164.269,1.26
H-01145,2025-07-24T22:45:25Z,Binance,SOL,SELL,6.1833,178.821,1.11
H-01146,2025-07-25T12:53:27Z,Coinbase,CKB,SELL,277413.57,0.00624316,1.73
H-01147,2025-07-26T04:44:17Z,Binance,BTC,BUY,0.00286486,103218.02,0.30
H-01148,2025-07-26T13:04:49Z,Binance,SOL,SELL,13.1841,183.882,2.42
H-01149,2025-07-27T09:17:17Z,Coinbase,SOL,BUY,5.5596,196.767,1.09
H-01150,2025-07-28T02:39:20Z,Coinbase,ETH,BUY,0.524320,3815.54,2.00
H-01151,2025-07-30T02:08:48Z,Binance,CKB,BUY,191007.26,0.00605238,1.16
H-01152,2025-07-30T04:34:47Z,Binance,SOL,SELL,2.1900,186.499,0.41
H-01153,2025-08-01T04:23:32Z,Binance,BTC,BUY,0.02238970,81566.70,1.83
H-01154,2025-08-02T02:09:49Z,Binance,DOGE,SELL,9044.31,0.184222,1.67
H-01155,2025-08-02T13:05:17Z,Coinbase,ETH,SELL,1.188268,3077.09,3.66
H-01156,2025-08-02T21:36:53Z,Coinbase,SOL,SELL,1.3534,183.370,0.25
H-01157,2025-08-02T23:58:10Z,Binance,SOL,BUY,6.6945,204.131,1.37
H-01158,2025-08-03T16:46:00Z,Binance,BTC,BUY,0.02353436,88172.44,2.08
H-01159,2025-08-04T08:39:06Z,Binance,CKB,BUY,417718.22,0.00585275,2.44
H-01160,2025-08-05T00:08:12Z,Coinbase,BTC,BUY,0.01884437,91245.89,1.72
H-01161,2025-08-05T08:58:21Z,Coinbase,DOGE,BUY,9783.62,0.219982,2.15
H-01162,2025-08-05T11:45:45Z,Coinbase,DOGE,SELL,12646.71,0.195491,2.47
H-01163,2025-08-05T13:33:59Z,Coinbase,ETH,BUY,0.423855,3895.44,1.65
H-01164,2025-08-05T21:25:29Z,Coinbase,DOGE,BUY,6730.34,0.190147,1.28
H-01165,2025-08-06T07:37:43Z,Coinbase,CKB,BUY,104006.03,0.00560520,0.58
H-01166,2025-08-07T09:40:20Z,Coinbase,BTC,SELL,0.01920250,83687.25,1.61
H-01167,2025-08-07T09:45:22Z,Binance,BTC,SELL,0.01805778,109641.74,1.98
H-01168,2025-08-07T14:43:03Z,Binance,SOL,SELL,2.0113,198.175,0.40
H-01169,2025-08-07T18:58:02Z,Binance,BTC,BUY,0.00447769,105528.20,0.47
H-01170,2025-08-08T11:41:28Z,Coinbase,SOL,SELL,2.8838,203.067,0.59
H-01171,2025-08-08T22:21:50Z,Coinbase,BTC,SELL,0.02365870,85065.53,2.01
H-01172,2025-08-09T05:59:43Z,Binance,SOL,SELL,3.8156,185.033,0.71
H-01173,2025-08-09T13:04:18Z,Binance,DOGE,SELL,4046.86,0.195698,0.79
H-01174,2025-08-10T10:28:09Z,Coinbase,DOGE,SELL,12812.50,0.238031,3.05
H-01175,2025-08-11T08:32:41Z,Coinbase,DOGE,BUY,7408.70,0.181576,1.35
H-01176,2025-08-11T09:23:29Z,Coinbase,CKB,BUY,91961.00,0.00620531,0.57
H-01177,2025-08-13T04:35:29Z,Binance,CKB,BUY,247300.48,0.00612934,1.52
H-01178,2025-08-13T18:07:13Z,Coinbase,ETH,BUY,0.196789,3186.42,0.63
H-01179,2025-08-13T21:35:39Z,Coinbase,ETH,BUY,0.683084,3277.00,2.24
H-01180,2025-08-14T22:28:14Z,Binance,SOL,BUY,2.5432,183.107,0.47
H-01181,2025-08-16T06:14:42Z,Coinbase,SOL,BUY,5.4988,177.530,0.98
H-01182,2025-08-17T17:58:13Z,Coinbase,DOGE,BUY,5296.49,0.217378,1.15
H-01183,2025-08-19T08:07:25Z,Binance,SOL,SELL,1.7443,197.444,0.34
H-01184,2025-08-19T20:43:57Z,Binance,SOL,BUY,4.1529,202.780,0.84
H-01185,2025-08-20T01:19:15Z,Binance,SOL,SELL,10.4506,204.171,2.13
H-01186,2025-08-20T02:47:03Z,Coinbase,SOL,BUY,5.6139,164.540,0.92
H-01187,2025-08-22T08:10:51Z,Coinbase,SOL,SELL,2.5717,164.464,0.42
H-01188,2025-08-22T13:55:27Z,Binance,BTC,SELL,0.02345117,104820.23,2.46
H-01189,2025-08-24T02:18:35Z,Coinbase,CKB,BUY,380033.81,0.00651204,2.47
H-01190,2025-08-24T18:03:29Z,Coinbase,ETH,BUY,0.593630,3218.29,1.91
H-01191,2025-08-25T00:59:33Z,Coinbase,CKB,BUY,59320.85,0.00593060,0.35
H-01192,2025-08-26T01:11:13Z,Coinbase,CKB,BUY,212218.11,0.00568959,1.21
H-01193,2025-08-27T03:19:38Z,Binance,ETH,BUY,0.125699,3592.81,0.45
H-01194,2025-08-27T03:21:46Z,Coinbase,CKB,SELL,754477.59,0.00681805,5.14
H-01195,2025-08-27T03:29:41Z,Binance,DOGE,BUY,7707.69,0.198418,1.53
H-01196,2025-08-29T02:00:17Z,Coinbase,ETH,SELL,1.673197,3150.55,5.27
H-01197,2025-08-29T08:35:59Z,Binance,CKB,BUY,187619.67,0.00569234,1.07
H-01198,2025-08-31T08:02:35Z,Coinbase,CKB,BUY,269598.25,0.00552066,1.49
H-01199,2025-09-01T01:46:54Z,Binance,BTC,SELL,0.00702238,87972.88,0.62
H-01200,2025-09-01T05:34:36Z,Binance,ETH,SELL,0.612446,3205.19,1.96
H-01201,2025-09-01T23:02:19Z,Binance,CKB,SELL,429528.94,0.00543060,2.33
H-01202,2025-09-02T05:32:04Z,Coinbase,BTC,BUY,0.01305568,86802.92,1.13
H-01203,2025-09-04T02:01:46Z,Coinbase,ETH,BUY,0.201813,3138.25,0.63
H-01204,2025-09-05T06:09:40Z,Coinbase,ETH,BUY,0.647015,3642.90,2.36
H-01205,2025-09-05T10:49:24Z,Coinbase,SOL,BUY,14.8752,166.657,2.48
H-01206,2025-09-08T18:39:55Z,Coinbase,DOGE,BUY,5958.48,0.232570,1.39
H-01207,2025-09-09T22:32:31Z,Coinbase,CKB,SELL,546455.96,0.00622540,3.40
H-01208,2025-09-10T12:58:37Z,Coinbase,SOL,BUY,11.7358,177.666,2.09
H-01209,2025-09-11T06:34:00Z,Coinbase,ETH,BUY,0.499531,3206.37,1.60
H-01210,2025-09-11T07:17:30Z,Binance,ETH,BUY,0.099637,3758.71,0.37
H-01211,2025-09-11T11:15:28Z,Coinbase,ETH,BUY,0.131662,3958.18,0.52
H-01212,2025-09-12T02:43:38Z,Binance,BTC,SELL,0.01401996,104165.99,1.46
H-01213,2025-09-12T04:02:41Z,Coinbase,SOL,BUY,2.4751,160.510,0.40
H-01214,2025-09-12T16:45:37Z,Coinbase,CKB,BUY,119715.64,0.00621474,0.74
H-01215,2025-09-13T08:54:28Z,Coinbase,BTC,BUY,0.02076794,85807.31,1.78
H-01216,2025-09-13T21:14:53Z,Binance,SOL,SELL,32.1283,197.664,6.35
H-01217,2025-09-15T22:55:50Z,Binance,ETH,BUY,0.565914,3373.99,1.91
H-01218,2025-09-16T07:40:00Z,Binance,BTC,BUY,0.00719135,100035.42,0.72
H-01219,2025-09-16T17:24:22Z,Binance,CKB,SELL,550036.83,0.00693267,3.81
H-01220,2025-09-17T08:04:39Z,Binance,ETH,SELL,4.027279,3341.89,13.46
H-01221,2025-09-17T21:06:38Z,Binance,SOL,BUY,5.9950,165.389,0.99
H-01222,2025-09-17T23:23:59Z,Binance,BTC,BUY,0.01269606,110341.49,1.40
H-01223,2025-09-18T21:57:14Z,Coinbase,DOGE,BUY,8205.70,0.223450,1.83
H-01224,2025-09-20T09:57:49Z,Binance,SOL,SELL,1.2042,181.783,0.22
H-01225,2025-09-21T21:31:50Z,Binance,SOL,SELL,4.7908,207.769,1.00
H-01226,2025-09-22T21:40:25Z,Binance,SOL,BUY,8.6101,203.007,1.75
H-01227,2025-09-23T11:41:03Z,Binance,ETH,BUY,0.092661,4068.79,0.38
H-01228,2025-09-23T16:52:48Z,Coinbase,ETH,BUY,0.438627,3087.76,1.35
H-01229,2025-09-24T08:03:31Z,Coinbase,DOGE,BUY,7244.35,0.223344,1.62
H-01230,2025-09-24T11:43:09Z,Coinbase,CKB,BUY,115785.09,0.00563443,0.65
H-01231,2025-09-25T01:58:47Z,Binance,SOL,SELL,2.8361,167.309,0.47
H-01232,2025-09-25T02:56:43Z,Coinbase,SOL,SELL,1.4479,193.817,0.28
H-01233,2025-09-26T06:40:12Z,Binance,BTC,BUY,0.01903051,105591.50,2.01
H-01234,2025-09-27T21:56:45Z,Coinbase,SOL,BUY,7.3776,211.409,1.56
H-01235,2025-09-28T18:37:27Z,Coinbase,ETH,BUY,0.482072,3408.37,1.64
H-01236,2025-09-29T01:31:45Z,Coinbase,CKB,BUY,34501.81,0.00554970,0.19
H-01237,2025-09-29T09:38:06Z,Binance,CKB,BUY,295838.94,0.00639964,1.89
H-01238,2025-09-29T18:15:39Z,Binance,ETH,SELL,0.318447,3075.70,0.98
H-01239,2025-09-30T21:44:19Z,Binance,DOGE,BUY,2506.17,0.188836,0.47
H-01240,2025-10-01T02:38:15Z,Coinbase,ETH,SELL,0.412970,3460.80,1.43
H-01241,2025-10-01T05:48:26Z,Binance,SOL,BUY,5.4055,165.798,0.90
H-01242,2025-10-01T18:01:41Z,Binance,DOGE,BUY,4784.10,0.235154,1.13
H-01243,2025-10-02T09:25:01Z,Binance,ETH,SELL,0.156004,3972.34,0.62
H-01244,2025-10-02T21:23:34Z,Coinbase,ETH,SELL,0.012974,3715.74,0.05
H-01245,2025-10-03T04:56:58Z,Binance,BTC,BUY,0.00240483,113293.51,0.27
H-01246,2025-10-03T19:31:16Z,Binance,ETH,BUY,0.488158,3160.21,1.54
H-01247,2025-10-04T07:09:23Z,Binance,ETH,BUY,0.318981,3610.45,1.15
H-01248,2025-10-06T11:21:43Z,Binance,ETH,SELL,0.298238,3331.56,0.99
H-01249,2025-10-06T19:00:29Z,Coinbase,SOL,BUY,6.1800,207.242,1.28
H-01250,2025-10-07T09:03:17Z,Coinbase,CKB,BUY,203357.63,0.00617718,1.26
H-01251,2025-10-09T05:28:24Z,Coinbase,ETH,SELL,0.327737,3960.75,1.30
H-01252,2025-10-09T10:53:09Z,Coinbase,DOGE,SELL,12421.50,0.219760,2.73
H-01253,2025-10-10T13:16:50Z,Binance,CKB,SELL,128505.42,0.00654571,0.84
H-01254,2025-10-11T08:31:00Z,Coinbase,BTC,BUY,0.01549670,85608.22,1.33
H-01255,2025-10-11T08:50:58Z,Coinbase,CKB,BUY,325451.04,0.00725046,2.36
H-01256,2025-10-12T00:04:17Z,Coinbase,CKB,BUY,258341.82,0.00641191,1.66
H-01257,2025-10-12T16:19:50Z,Binance,BTC,BUY,0.00384217,115174.98,0.44
H-01258,2025-10-12T19:48:21Z,Coinbase,ETH,BUY,0.613820,3908.60,2.40
H-01259,2025-10-13T01:13:10Z,Coinbase,DOGE,SELL,36690.18,0.231519,8.49
H-01260,2025-10-13T02:16:10Z,Binance,CKB,SELL,459006.19,0.00689178,3.16
H-01261,2025-10-13T11:44:25Z,Coinbase,ETH,BUY,0.362672,3364.90,1.22
H-01262,2025-10-13T17:47:18Z,Binance,ETH,BUY,0.638816,3736.10,2.39
H-01263,2025-10-14T01:58:17Z,Coinbase,BTC,BUY,0.01532434,108607.18,1.66
H-01264,2025-10-14T15:12:53Z,Binance,DOGE,BUY,1360.17,0.249100,0.34
H-01265,2025-10-16T00:25:22Z,Coinbase,CKB,BUY,198730.21,0.00580258,1.15
H-01266,2025-10-17T10:16:21Z,Binance,DOGE,BUY,5426.46,0.205895,1.12
H-01267,2025-10-18T02:24:59Z,Binance,BTC,SELL,0.10624968,104822.64,11.14
H-01268,2025-10-19T16:58:02Z,Coinbase,CKB,SELL,125352.88,0.00685077,0.86
H-01269,2025-10-22T04:53:06Z,Binance,DOGE,BUY,3872.72,0.213700,0.83
H-01270,2025-10-24T02:53:11Z,Binance,SOL,BUY,2.7189,171.278,0.47
H-01271,2025-10-24T20:04:33Z,Binance,CKB,SELL,362871.39,0.00661715,2.40
H-01272,2025-10-24T20:32:16Z,Binance,SOL,BUY,10.1508,216.563,2.20
H-01273,2025-10-26T13:41:25Z,Binance,ETH,SELL,1.909437,3194.86,6.10
H-01274,2025-10-28T05:19:00Z,Binance,DOGE,BUY,6370.57,0.202526,1.29
H-01275,2025-10-28T17:06:14Z,Binance,BTC,BUY,0.02539647,94294.69,2.39
H-01276,2025-10-28T21:09:37Z,Coinbase,BTC,SELL,0.01475608,92631.26,1.37
H-01277,2025-10-29T00:28:21Z,Coinbase,CKB,BUY,146001.46,0.00645213,0.94
H-01278,2025-10-29T07:27:37Z,Coinbase,SOL,BUY,9.4877,218.133,2.07
H-01279,2025-10-29T09:58:57Z,Binance,CKB,BUY,363262.52,0.00672232,2.44
H-01280,2025-10-30T01:01:24Z,Binance,BTC,BUY,0.01787670,100187.62,1.79
H-01281,2025-10-30T07:49:38Z,Coinbase,BTC,SELL,0.01447316,104621.89,1.51
H-01282,2025-10-31T22:58:18Z,Coinbase,CKB,BUY,251675.09,0.00674822,1.70
H-01283,2025-11-01T20:22:51Z,Coinbase,ETH,BUY,0.528078,3123.54,1.65
H-01284,2025-11-02T00:03:18Z,Coinbase,BTC,BUY,0.02082281,105776.85,2.20
H-01285,2025-11-02T06:02:59Z,Binance,CKB,BUY,214741.22,0.00600099,1.29
H-01286,2025-11-02T19:30:02Z,Binance,SOL,BUY,12.5649,186.152,2.34
H-01287,2025-11-03T00:41:15Z,Binance,CKB,SELL,514061.56,0.00612209,3.15
H-01288,2025-11-03T17:30:46Z,Coinbase,ETH,BUY,0.096561,3672.91,0.35
H-01289,2025-11-04T02:48:54Z,Binance,ETH,BUY,0.582104,4113.30,2.39
H-01290,2025-11-05T13:56:43Z,Binance,ETH,BUY,0.571249,3361.31,1.92
H-01291,2025-11-06T04:59:59Z,Coinbase,BTC,SELL,0.01922288,99982.37,1.92
H-01292,2025-11-07T17:20:02Z,Binance,ETH,BUY,0.436702,3927.03,1.71
H-01293,2025-11-11T12:50:42Z,Coinbase,ETH,BUY,0.393731,4162.33,1.64
H-01294,2025-11-12T04:03:33Z,Coinbase,ETH,BUY,0.467385,4174.06,1.95
H-01295,2025-11-12T09:10:41Z,Coinbase,CKB,BUY,257142.29,0.00737325,1.90
H-01296,2025-11-12T18:52:36Z,Binance,ETH,SELL,3.075810,3390.26,10.43
H-01297,2025-11-15T04:33:26Z,Coinbase,BTC,SELL,0.00732851,104810.45,0.77
H-01298,2025-11-16T16:18:26Z,Binance,BTC,SELL,0.00403827,105441.69,0.43
H-01299,2025-11-16T20:05:15Z,Coinbase,DOGE,SELL,17029.92,0.233800,3.98
H-01300,2025-11-17T23:42:58Z,Coinbase,SOL,BUY,13.7814,171.666,2.37
H-01301,2025-11-18T04:12:59Z,Binance,CKB,BUY,138465.99,0.00589295,0.82
H-01302,2025-11-18T10:22:52Z,Binance,DOGE,BUY,6304.73,0.211046,1.33
H-01303,2025-11-18T16:28:37Z,Binance,SOL,BUY,8.1958,220.886,1.81
H-01304,2025-11-20T03:56:17Z,Binance,CKB,SELL,214001.67,0.00618569,1.32
H-01305,2025-11-20T12:30:01Z,Binance,ETH,BUY,0.069446,3938.73,0.27
H-01306,2025-11-20T17:34:36Z,Binance,CKB,BUY,120957.46,0.00705115,0.85
H-01307,2025-11-20T22:29:43Z,Coinbase,BTC,BUY,0.00902909,104430.61,0.94
H-01308,2025-11-21T05:04:20Z,Coinbase,CKB,SELL,221341.20,0.00638709,1.41
H-01309,2025-11-22T15:25:15Z,Binance,BTC,BUY,0.02092538,91650.73,1.92
H-01310,2025-11-23T05:28:23Z,Binance,SOL,SELL,19.6896,190.339,3.75
H-01311,2025-11-24T00:55:03Z,Binance,ETH,BUY,0.559918,3408.89,1.91
H-01312,2025-11-24T04:47:40Z,Binance,SOL,BUY,7.2957,205.993,1.50
H-01313,2025-11-26T23:51:05Z,Binance,CKB,BUY,153358.86,0.00752295,1.15
H-01314,2025-11-27T08:52:51Z,Binance,BTC,BUY,0.01277697,98897.29,1.26
H-01315,2025-11-27T12:55:40Z,Coinbase,DOGE,BUY,6586.35,0.234496,1.54
H-01316,2025-11-27T16:53:26Z,Binance,ETH,BUY,0.223006,3210.72,0.72
H-01317,2025-11-29T14:52:31Z,Binance,CKB,BUY,344914.05,0.00718798,2.48
H-01318,2025-11-29T16:46:01Z,Binance,CKB,SELL,396384.41,0.00736570,2.92
H-01319,2025-11-30T09:17:29Z,Binance,BTC,BUY,0.01434392,90607.29,1.30
H-01320,2025-11-30T16:53:02Z,Binance,BTC,BUY,0.02323952,106296.11,2.47
H-01321,2025-11-30T17:20:01Z,Coinbase,DOGE,BUY,6333.54,0.203338,1.29
H-01322,2025-12-01T22:47:13Z,Binance,SOL,SELL,33.7355,198.030,6.68
H-01323,2025-12-02T13:23:25Z,Coinbase,CKB,BUY,26995.78,0.00727536,0.20
H-01324,2025-12-03T19:26:12Z,Binance,BTC,BUY,0.01459984,104391.26,1.52
H-01325,2025-12-04T07:21:18Z,Coinbase,ETH,SELL,0.161924,4271.98,0.69
H-01326,2025-12-04T16:55:58Z,Binance,SOL,SELL,12.9850,172.254,2.24
H-01327,2025-12-06T09:13:25Z,Binance,BTC,SELL,0.03090079,118943.13,3.68
H-01328,2025-12-06T11:23:17Z,Coinbase,ETH,BUY,0.672605,3528.97,2.37
H-01329,2025-12-09T05:44:43Z,Coinbase,DOGE,BUY,6773.97,0.222339,1.51
H-01330,2025-12-10T11:49:53Z,Binance,DOGE,SELL,5682.00,0.228848,1.30
H-01331,2025-12-11T06:06:17Z,Binance,ETH,BUY,0.595321,3538.72,2.11
H-01332,2025-12-11T07:50:17Z,Binance,DOGE,BUY,2084.64,0.216803,0.45
H-01333,2025-12-12T02:29:22Z,Coinbase,DOGE,BUY,4990.49,0.209837,1.05
H-01334,2025-12-12T09:42:23Z,Binance,CKB,BUY,127613.34,0.00585614,0.75
H-01335,2025-12-13T01:34:30Z,Coinbase,DOGE,SELL,11580.83,0.206484,2.39
H-01336,2025-12-13T08:19:48Z,Coinbase,DOGE,BUY,8755.34,0.237363,2.08
H-01337,2025-12-13T12:02:01Z,Coinbase,ETH,SELL,0.438183,3562.60,1.56
H-01338,2025-12-14T22:50:05Z,Coinbase,BTC,BUY,0.01665298,105527.75,1.76
H-01339,2025-12-15T17:18:29Z,Binance,BTC,SELL,0.01808311,100287.38,1.81
H-01340,2025-12-16T13:44:29Z,Binance,BTC,SELL,0.06686088,100791.55,6.74
H-01341,2025-12-16T21:30:15Z,Coinbase,ETH,BUY,0.579621,3808.44,2.21
H-01342,2025-12-16T22:48:30Z,Coinbase,BTC,BUY,0.01701105,105582.60,1.80
H-01343,2025-12-17T22:50:31Z,Binance,DOGE,SELL,11691.96,0.211713,2.48
H-01344,2025-12-18T13:21:40Z,Coinbase,SOL,BUY,8.1471,213.925,1.74
H-01345,2025-12-18T13:45:49Z,Binance,CKB,BUY,109887.25,0.00690520,0.76
H-01346,2025-12-19T07:33:32Z,Coinbase,ETH,SELL,0.881073,3378.55,2.98
H-01347,2025-12-19T10:01:26Z,Coinbase,ETH,BUY,0.284156,3986.80,1.13
H-01348,2025-12-20T04:55:13Z,Binance,SOL,SELL,16.6807,213.700,3.56
H-01349,2025-12-21T16:47:16Z,Binance,SOL,SELL,6.5541,204.311,1.34
H-01350,2025-12-22T12:10:21Z,Coinbase,BTC,SELL,0.01701105,112287.70,1.91
H-01351,2025-12-22T20:28:35Z,Binance,DOGE,SELL,5645.58,0.257420,1.45
H-01352,2025-12-24T11:26:37Z,Binance,CKB,BUY,261142.29,0.00673976,1.76
H-01353,2025-12-24T15:15:17Z,Binance,CKB,BUY,103611.25,0.00576127,0.60
H-01354,2025-12-25T09:28:44Z,Binance,CKB,SELL,938101.98,0.00715823,6.72
H-01355,2025-12-27T16:53:09Z,Binance,DOGE,BUY,2424.67,0.225206,0.55
H-01356,2025-12-28T18:00:49Z,Binance,ETH,BUY,0.639040,3321.56,2.12
H-01357,2025-12-29T09:00:19Z,Coinbase,CKB,BUY,81504.78,0.00675589,0.55
H-01358,2025-12-29T19:19:38Z,Coinbase,ETH,BUY,0.513162,4188.40,2.15
H-01359,2025-12-30T01:19:28Z,Coinbase,SOL,SELL,1.7769,196.358,0.35
H-01360,2025-12-31T22:09:44Z,Coinbase,DOGE,BUY,926.56,0.251746,0.23
H-01361,2026-01-01T01:34:21Z,Coinbase,BTC,BUY,0.01579106,101101.29,1.60
H-01362,2026-01-01T02:13:51Z,Binance,SOL,BUY,0.8580,188.948,0.16
H-01363,2026-01-01T04:22:02Z,Binance,CKB,BUY,59887.73,0.00648119,0.39
H-01364,2026-01-01T16:30:37Z,Coinbase,DOGE,SELL,1881.27,0.230431,0.43
H-01365,2026-01-03T13:24:03Z,Coinbase,ETH,SELL,0.977642,3787.09,3.70
H-01366,2026-01-04T11:39:59Z,Binance,BTC,BUY,0.01393394,121448.58,1.69
H-01367,2026-01-04T13:12:36Z,Binance,SOL,BUY,0.7693,212.718,0.16
H-01368,2026-01-04T13:26:52Z,Binance,BTC,SELL,0.01636358,96043.05,1.57
H-01369,2026-01-04T23:07:43Z,Binance,ETH,BUY,0.554418,4338.41,2.41
H-01370,2026-01-05T10:48:36Z,Binance,CKB,BUY,194098.12,0.00677278,1.31
H-01371,2026-01-07T02:02:03Z,Coinbase,SOL,SELL,2.7489,213.294,0.59
H-01372,2026-01-07T11:10:29Z,Binance,ETH,SELL,0.781156,3381.60,2.64
H-01373,2026-01-07T21:01:48Z,Binance,BTC,BUY,0.00853317,111802.73,0.95
H-01374,2026-01-08T01:43:25Z,Binance,CKB,SELL,420105.72,0.00676576,2.84
H-01375,2026-01-10T02:35:10Z,Coinbase,ETH,SELL,0.628399,3584.45,2.25
H-01376,2026-01-10T22:00:15Z,Binance,ETH,SELL,0.333490,3808.21,1.27
H-01377,2026-01-12T01:11:41Z,Binance,DOGE,SELL,2060.98,0.239867,0.49
H-01378,2026-01-12T04:01:01Z,Coinbase,ETH,SELL,0.488826,3756.33,1.84
H-01379,2026-01-12T09:15:29Z,Coinbase,DOGE,SELL,2254.14,0.217572,0.49
H-01380,2026-01-13T04:31:28Z,Coinbase,BTC,SELL,0.00676624,100226.04,0.68
H-01381,2026-01-14T03:36:55Z,Coinbase,BTC,BUY,0.00156958,96369.41,0.15
H-01382,2026-01-16T04:38:52Z,Binance,ETH,BUY,0.224370,3602.87,0.81
H-01383,2026-01-16T15:21:22Z,Binance,CKB,SELL,90184.48,0.00619565,0.56
H-01384,2026-01-17T12:35:10Z,Coinbase,DOGE,SELL,2066.69,0.250525,0.52
H-01385,2026-01-18T11:44:10Z,Binance,ETH,SELL,0.037076,4030.20,0.15
H-01386,2026-01-18T13:41:13Z,Binance,BTC,BUY,0.02092552,109608.51,2.29
H-01387,2026-01-18T16:39:27Z,Coinbase,ETH,SELL,0.050841,4093.67,0.21
H-01388,2026-01-19T00:04:08Z,Coinbase,ETH,SELL,0.062195,3896.44,0.24
H-01389,2026-01-19T21:17:36Z,Binance,SOL,BUY,9.3255,196.848,1.84
H-01390,2026-01-20T04:22:28Z,Binance,CKB,BUY,349517.86,0.00669102,2.34
H-01391,2026-01-20T07:49:14Z,Binance,ETH,SELL,0.074258,3975.61,0.30
H-01392,2026-01-20T22:32:44Z,Binance,ETH,BUY,0.261790,4141.15,1.08
H-01393,2026-01-21T22:00:54Z,Coinbase,ETH,BUY,0.355132,3792.40,1.35
H-01394,2026-01-22T02:41:25Z,Binance,CKB,SELL,343328.20,0.00708669,2.43
H-01395,2026-01-22T05:41:00Z,Coinbase,DOGE,BUY,7907.85,0.229294,1.81
H-01396,2026-01-22T15:18:11Z,Coinbase,ETH,SELL,0.226276,3630.10,0.82
H-01397,2026-01-23T04:21:03Z,Binance,BTC,SELL,0.03762345,111627.16,4.20
H-01398,2026-01-24T06:54:16Z,Coinbase,ETH,SELL,0.162642,4438.63,0.72
H-01399,2026-01-24T13:48:34Z,Binance,SOL,BUY,10.3040,175.449,1.81
H-01400,2026-01-24T22:25:21Z,Binance,CKB,BUY,109484.74,0.00769974,0.84
H-01401,2026-01-25T12:52:39Z,Binance,SOL,SELL,8.3759,183.741,1.54
H-01402,2026-01-25T12:55:26Z,Binance,CKB,BUY,96760.65,0.00780029,0.75
H-01403,2026-01-26T00:06:46Z,Coinbase,CKB,BUY,123963.97,0.00630558,0.78
H-01404,2026-01-26T06:15:53Z,Binance,ETH,BUY,0.489228,3812.25,1.87
H-01405,2026-01-26T10:13:25Z,Coinbase,CKB,SELL,165994.22,0.00604504,1.00
H-01406,2026-01-26T20:34:32Z,Binance,ETH,SELL,0.213089,4047.99,0.86
H-01407,2026-01-27T22:21:57Z,Coinbase,BTC,BUY,0.01200494,95962.85,1.15
H-01408,2026-01-30T21:37:26Z,Binance,CKB,BUY,228454.87,0.00607529,1.39
H-01409,2026-01-30T23:34:10Z,Binance,DOGE,SELL,10224.69,0.205600,2.10
H-01410,2026-01-31T01:04:47Z,Binance,ETH,SELL,0.053816,3592.99,0.19
H-01411,2026-02-01T01:06:06Z,Binance,BTC,BUY,0.01900066,109096.24,2.07
H-01412,2026-02-01T11:44:41Z,Binance,ETH,BUY,0.557888,3468.85,1.94
H-01413,2026-02-01T23:52:18Z,Binance,SOL,SELL,5.9338,191.389,1.14
H-01414,2026-02-03T01:24:57Z,Binance,BTC,SELL,0.01606839,118374.23,1.90
H-01415,2026-02-03T05:17:57Z,Binance,BTC,BUY,0.00170286,121209.26,0.21
H-01416,2026-02-03T23:14:05Z,Coinbase,SOL,BUY,3.2234,211.213,0.68
H-01417,2026-02-04T09:11:38Z,Binance,BTC,SELL,0.00400871,107683.12,0.43
H-01418,2026-02-04T15:56:52Z,Binance,DOGE,BUY,4478.76,0.222642,1.00
H-01419,2026-02-05T00:23:17Z,Binance,BTC,BUY,0.00510398,111375.63,0.57
H-01420,2026-02-05T01:56:29Z,Binance,CKB,SELL,251217.89,0.00619850,1.56
H-01421,2026-02-05T13:32:16Z,Binance,SOL,BUY,7.5037,227.229,1.71
H-01422,2026-02-05T18:50:34Z,Binance,BTC,BUY,0.02044353,119764.85,2.45
H-01423,2026-02-07T10:18:17Z,Coinbase,SOL,BUY,6.6333,180.866,1.20
H-01424,2026-02-07T10:25:35Z,Binance,BTC,BUY,0.01207661,95599.24,1.15
H-01425,2026-02-08T08:28:26Z,Coinbase,BTC,BUY,0.00438883,102466.73,0.45
H-01426,2026-02-08T10:40:54Z,Coinbase,SOL,BUY,6.3414,202.009,1.28
H-01427,2026-02-09T03:38:26Z,Coinbase,ETH,SELL,0.351414,4262.43,1.50
H-01428,2026-02-09T04:51:36Z,Binance,DOGE,SELL,1627.91,0.237536,0.39
H-01429,2026-02-10T00:50:59Z,Binance,BTC,BUY,0.00157180,99717.09,0.16
H-01430,2026-02-11T11:39:54Z,Binance,SOL,BUY,11.6361,206.288,2.40
H-01431,2026-02-11T13:52:10Z,Binance,SOL,BUY,11.0452,194.286,2.15
H-01432,2026-02-11T15:41:11Z,Coinbase,SOL,BUY,10.5458,200.349,2.11
H-01433,2026-02-12T07:43:49Z,Binance,ETH,BUY,0.189538,3575.96,0.68
H-01434,2026-02-12T21:44:54Z,Coinbase,ETH,BUY,0.056164,3773.16,0.21
H-01435,2026-02-13T13:12:32Z,Binance,BTC,SELL,0.03008903,115114.28,3.46
H-01436,2026-02-14T15:10:33Z,Binance,ETH,SELL,0.457439,3762.76,1.72
H-01437,2026-02-15T05:11:07Z,Coinbase,ETH,BUY,0.123296,3887.10,0.48
H-01438,2026-02-16T04:14:35Z,Binance,CKB,BUY,138898.75,0.00678726,0.94
H-01439,2026-02-16T05:20:13Z,Binance,SOL,BUY,1.6202,179.613,0.29
H-01440,2026-02-16T15:09:53Z,Coinbase,DOGE,BUY,5101.52,0.211999,1.08
H-01441,2026-02-16T20:53:25Z,Coinbase,DOGE,BUY,3012.95,0.251059,0.76
H-01442,2026-02-19T00:14:40Z,Coinbase,ETH,BUY,0.134961,3841.72,0.52
H-01443,2026-02-19T14:16:17Z,Binance,ETH,SELL,0.359575,4220.04,1.52
H-01444,2026-02-20T18:48:13Z,Coinbase,CKB,BUY,242470.68,0.00694453,1.68
H-01445,2026-02-21T02:10:42Z,Coinbase,ETH,BUY,0.299923,3410.79,1.02
H-01446,2026-02-21T16:07:03Z,Coinbase,BTC,BUY,0.01042526,96146.13,1.00
H-01447,2026-02-23T00:00:16Z,Coinbase,BTC,SELL,0.00385585,100649.80,0.39
H-01448,2026-02-23T03:21:36Z,Binance,ETH,SELL,0.378691,4002.76,1.52
H-01449,2026-02-23T13:17:21Z,Coinbase,DOGE,SELL,10965.32,0.271644,2.98
H-01450,2026-02-25T05:06:11Z,Binance,BTC,BUY,0.01532068,125088.90,1.92
H-01451,2026-02-25T20:30:14Z,Binance,SOL,BUY,8.4346,219.970,1.86
H-01452,2026-02-26T23:01:33Z,Coinbase,SOL,SELL,13.2006,198.962,2.63
H-01453,2026-02-27T04:15:55Z,Binance,CKB,SELL,346924.02,0.00720091,2.50
H-01454,2026-02-27T12:16:09Z,Binance,ETH,BUY,0.464529,4407.84,2.05
H-01455,2026-03-01T04:00:47Z,Coinbase,DOGE,BUY,7792.31,0.239017,1.86
H-01456,2026-03-01T08:27:29Z,Coinbase,CKB,SELL,220637.69,0.00762996,1.68
H-01457,2026-03-01T19:34:07Z,Coinbase,ETH,SELL,0.301939,3611.89,1.09
H-01458,2026-03-02T08:44:56Z,Binance,BTC,BUY,0.00405333,119694.95,0.49
H-01459,2026-03-02T23:53:25Z,Binance,CKB,BUY,143598.24,0.00617862,0.89
H-01460,2026-03-03T19:34:02Z,Coinbase,BTC,SELL,0.02530471,102524.68,2.59
H-01461,2026-03-03T23:45:02Z,Binance,CKB,BUY,241415.70,0.00804999,1.94
H-01462,2026-03-04T04:25:18Z,Binance,BTC,SELL,0.00815063,125325.48,1.02
H-01463,2026-03-05T00:32:14Z,Coinbase,CKB,BUY,315776.18,0.00676227,2.14
H-01464,2026-03-05T19:46:35Z,Binance,BTC,SELL,0.00821446,115905.47,0.95
H-01465,2026-03-06T21:37:07Z,Coinbase,ETH,SELL,0.427568,4207.64,1.80
H-01466,2026-03-07T16:07:46Z,Binance,ETH,BUY,0.531790,4055.17,2.16
H-01467,2026-03-08T03:09:44Z,Coinbase,CKB,SELL,433567.13,0.00784924,3.40
H-01468,2026-03-08T07:31:42Z,Coinbase,BTC,BUY,0.01939750,96387.61,1.87
H-01469,2026-03-08T08:45:11Z,Coinbase,CKB,SELL,255995.46,0.00642174,1.64
H-01470,2026-03-08T19:46:56Z,Coinbase,BTC,SELL,0.01251847,102777.07,1.29
H-01471,2026-03-08T19:58:17Z,Coinbase,DOGE,SELL,2187.66,0.205358,0.45
H-01472,2026-03-09T11:04:43Z,Coinbase,CKB,SELL,152623.63,0.00645554,0.99
H-01473,2026-03-10T15:41:40Z,Coinbase,ETH,BUY,0.089829,3481.70,0.31
H-01474,2026-03-12T01:53:57Z,Coinbase,CKB,BUY,175942.93,0.00786180,1.38
H-01475,2026-03-13T14:01:44Z,Coinbase,ETH,BUY,0.083825,4380.99,0.37
H-01476,2026-03-14T00:19:27Z,Coinbase,SOL,BUY,5.2268,185.735,0.97
H-01477,2026-03-14T02:14:19Z,Coinbase,DOGE,BUY,2083.05,0.253292,0.53
H-01478,2026-03-16T10:58:35Z,Binance,DOGE,BUY,746.93,0.232069,0.17
H-01479,2026-03-17T01:28:17Z,Coinbase,BTC,SELL,0.00884293,118035.68,1.04
H-01480,2026-03-17T17:58:05Z,Coinbase,BTC,SELL,0.00132292,99082.91,0.13
H-01481,2026-03-17T22:48:18Z,Binance,SOL,BUY,0.7616,208.292,0.16
H-01482,2026-03-18T02:48:48Z,Binance,CKB,SELL,99500.96,0.00739539,0.74
H-01483,2026-03-19T01:14:20Z,Binance,DOGE,BUY,4179.73,0.231594,0.97
H-01484,2026-03-19T01:48:49Z,Binance,SOL,BUY,0.8297,226.646,0.19
H-01485,2026-03-19T09:36:17Z,Coinbase,CKB,BUY,164582.75,0.00742237,1.22
H-01486,2026-03-19T12:37:34Z,Coinbase,DOGE,SELL,4155.32,0.235144,0.98
H-01487,2026-03-20T12:31:23Z,Coinbase,ETH,BUY,0.130912,4065.67,0.53
H-01488,2026-03-20T16:38:52Z,Binance,CKB,BUY,243346.23,0.00739653,1.80
H-01489,2026-03-22T07:00:49Z,Coinbase,BTC,BUY,0.00325112,121176.20,0.39
H-01490,2026-03-22T13:56:39Z,Binance,BTC,BUY,0.01728361,110888.78,1.92
H-01491,2026-03-22T23:57:45Z,Coinbase,CKB,BUY,286750.36,0.00712744,2.04
H-01492,2026-03-25T02:03:04Z,Binance,ETH,SELL,0.280001,3679.60,1.03
H-01493,2026-03-25T06:01:29Z,Coinbase,SOL,BUY,9.6928,237.079,2.30
H-01494,2026-03-25T09:32:45Z,Coinbase,BTC,BUY,0.01579660,125860.08,1.99
H-01495,2026-03-25T11:17:24Z,Binance,SOL,BUY,11.5927,195.924,2.27
H-01496,2026-03-26T05:45:27Z,Coinbase,BTC,SELL,0.01247759,124607.26,1.55
H-01497,2026-03-27T20:19:53Z,Coinbase,SOL,BUY,7.9653,187.644,1.49
H-01498,2026-03-28T01:16:32Z,Coinbase,ETH,SELL,0.175002,4160.58,0.73
H-01499,2026-03-28T21:52:10Z,Binance,ETH,SELL,0.173520,3905.49,0.68
H-01500,2026-03-29T10:57:07Z,Binance,DOGE,SELL,4722.96,0.214225,1.01
